left_id,right_id
0,125
0,128
0,129
0,132
0,133
0,134
0,137
0,138
0,139
0,140
0,143
0,144
0,145
0,146
0,147
0,150
0,151
0,152
0,153
0,154
0,155
0,158
0,159
0,160
0,161
0,162
0,163
0,164
0,167
0,168
0,169
0,170
0,171
0,172
0,173
0,174
0,177
0,178
0,179
0,180
0,181
0,182
0,183
0,184
0,185
0,188
0,189
0,190
0,191
0,192
0,193
0,194
0,195
0,196
0,197
0,200
0,201
0,202
0,203
0,204
0,205
0,206
0,207
0,208
0,209
0,210
0,213
0,214
0,215
0,216
0,217
0,218
0,219
0,220
0,221
0,222
0,223
0,224
0,227
0,228
0,229
0,230
0,231
0,232
0,233
0,234
0,235
0,236
0,237
0,238
0,239
0,245
0,248
0,249
0,252
0,253
0,254
0,257
0,258
0,259
0,260
0,263
0,264
0,265
0,266
0,267
0,270
0,271
0,272
0,273
0,274
0,275
0,278
0,279
0,280
0,281
0,282
0,283
0,284
0,287
0,288
0,289
0,290
0,291
0,292
0,293
0,294
0,297
0,298
0,299
0,300
0,301
0,302
0,303
0,304
0,305
0,308
0,309
0,310
0,311
0,312
0,313
0,314
0,315
0,316
0,317
0,320
0,321
0,322
0,323
0,324
0,325
0,326
0,327
0,328
0,329
0,330
0,333
0,334
0,335
0,336
0,337
0,338
0,339
0,340
0,341
0,342
0,343
0,344
0,347
0,348
0,349
0,350
0,351
0,352
0,353
0,354
0,355
0,356
0,357
0,358
0,359
1,124
1,127
1,129
1,131
1,133
1,134
1,136
1,138
1,139
1,140
1,142
1,144
1,145
1,146
1,147
1,149
1,151
1,152
1,153
1,154
1,155
1,157
1,159
1,160
1,161
1,162
1,163
1,164
1,166
1,168
1,169
1,170
1,171
1,172
1,173
1,174
1,176
1,178
1,179
1,180
1,181
1,182
1,183
1,184
1,185
1,187
1,189
1,190
1,191
1,192
1,193
1,194
1,195
1,196
1,197
1,199
1,201
1,202
1,203
1,204
1,205
1,206
1,207
1,208
1,209
1,210
1,212
1,214
1,215
1,216
1,217
1,218
1,219
1,220
1,221
1,222
1,223
1,224
1,226
1,228
1,229
1,230
1,231
1,232
1,233
1,234
1,235
1,236
1,237
1,238
1,239
1,244
1,247
1,249
1,251
1,253
1,254
1,256
1,258
1,259
1,260
1,262
1,264
1,265
1,266
1,267
1,269
1,271
1,272
1,273
1,274
1,275
1,277
1,279
1,280
1,281
1,282
1,283
1,284
1,286
1,288
1,289
1,290
1,291
1,292
1,293
1,294
1,296
1,298
1,299
1,300
1,301
1,302
1,303
1,304
1,305
1,307
1,309
1,310
1,311
1,312
1,313
1,314
1,315
1,316
1,317
1,319
1,321
1,322
1,323
1,324
1,325
1,326
1,327
1,328
1,329
1,330
1,332
1,334
1,335
1,336
1,337
1,338
1,339
1,340
1,341
1,342
1,343
1,344
1,346
1,348
1,349
1,350
1,351
1,352
1,353
1,354
1,355
1,356
1,357
1,358
1,359
2,123
2,126
2,129
2,130
2,133
2,134
2,135
2,138
2,139
2,140
2,141
2,144
2,145
2,146
2,147
2,148
2,151
2,152
2,153
2,154
2,155
2,156
2,159
2,160
2,161
2,162
2,163
2,164
2,165
2,168
2,169
2,170
2,171
2,172
2,173
2,174
2,175
2,178
2,179
2,180
2,181
2,182
2,183
2,184
2,185
2,186
2,189
2,190
2,191
2,192
2,193
2,194
2,195
2,196
2,197
2,198
2,201
2,202
2,203
2,204
2,205
2,206
2,207
2,208
2,209
2,210
2,211
2,214
2,215
2,216
2,217
2,218
2,219
2,220
2,221
2,222
2,223
2,224
2,225
2,228
2,229
2,230
2,231
2,232
2,233
2,234
2,235
2,236
2,237
2,238
2,239
2,243
2,246
2,249
2,250
2,253
2,254
2,255
2,258
2,259
2,260
2,261
2,264
2,265
2,266
2,267
2,268
2,271
2,272
2,273
2,274
2,275
2,276
2,279
2,280
2,281
2,282
2,283
2,284
2,285
2,288
2,289
2,290
2,291
2,292
2,293
2,294
2,295
2,298
2,299
2,300
2,301
2,302
2,303
2,304
2,305
2,306
2,309
2,310
2,311
2,312
2,313
2,314
2,315
2,316
2,317
2,318
2,321
2,322
2,323
2,324
2,325
2,326
2,327
2,328
2,329
2,330
2,331
2,334
2,335
2,336
2,337
2,338
2,339
2,340
2,341
2,342
2,343
2,344
2,345
2,348
2,349
2,350
2,351
2,352
2,353
2,354
2,355
2,356
2,357
2,358
2,359
3,122
3,127
3,128
3,131
3,132
3,134
3,136
3,137
3,139
3,140
3,142
3,143
3,145
3,146
3,147
3,149
3,150
3,152
3,153
3,154
3,155
3,157
3,158
3,160
3,161
3,162
3,163
3,164
3,166
3,167
3,169
3,170
3,171
3,172
3,173
3,174
3,176
3,177
3,179
3,180
3,181
3,182
3,183
3,184
3,185
3,187
3,188
3,190
3,191
3,192
3,193
3,194
3,195
3,196
3,197
3,199
3,200
3,202
3,203
3,204
3,205
3,206
3,207
3,208
3,209
3,210
3,212
3,213
3,215
3,216
3,217
3,218
3,219
3,220
3,221
3,222
3,223
3,224
3,226
3,227
3,229
3,230
3,231
3,232
3,233
3,234
3,235
3,236
3,237
3,238
3,239
3,242
3,247
3,248
3,251
3,252
3,254
3,256
3,257
3,259
3,260
3,262
3,263
3,265
3,266
3,267
3,269
3,270
3,272
3,273
3,274
3,275
3,277
3,278
3,280
3,281
3,282
3,283
3,284
3,286
3,287
3,289
3,290
3,291
3,292
3,293
3,294
3,296
3,297
3,299
3,300
3,301
3,302
3,303
3,304
3,305
3,307
3,308
3,310
3,311
3,312
3,313
3,314
3,315
3,316
3,317
3,319
3,320
3,322
3,323
3,324
3,325
3,326
3,327
3,328
3,329
3,330
3,332
3,333
3,335
3,336
3,337
3,338
3,339
3,340
3,341
3,342
3,343
3,344
3,346
3,347
3,349
3,350
3,351
3,352
3,353
3,354
3,355
3,356
3,357
3,358
3,359
4,121
4,126
4,128
4,130
4,132
4,134
4,135
4,137
4,139
4,140
4,141
4,143
4,145
4,146
4,147
4,148
4,150
4,152
4,153
4,154
4,155
4,156
4,158
4,160
4,161
4,162
4,163
4,164
4,165
4,167
4,169
4,170
4,171
4,172
4,173
4,174
4,175
4,177
4,179
4,180
4,181
4,182
4,183
4,184
4,185
4,186
4,188
4,190
4,191
4,192
4,193
4,194
4,195
4,196
4,197
4,198
4,200
4,202
4,203
4,204
4,205
4,206
4,207
4,208
4,209
4,210
4,211
4,213
4,215
4,216
4,217
4,218
4,219
4,220
4,221
4,222
4,223
4,224
4,225
4,227
4,229
4,230
4,231
4,232
4,233
4,234
4,235
4,236
4,237
4,238
4,239
4,241
4,246
4,248
4,250
4,252
4,254
4,255
4,257
4,259
4,260
4,261
4,263
4,265
4,266
4,267
4,268
4,270
4,272
4,273
4,274
4,275
4,276
4,278
4,280
4,281
4,282
4,283
4,284
4,285
4,287
4,289
4,290
4,291
4,292
4,293
4,294
4,295
4,297
4,299
4,300
4,301
4,302
4,303
4,304
4,305
4,306
4,308
4,310
4,311
4,312
4,313
4,314
4,315
4,316
4,317
4,318
4,320
4,322
4,323
4,324
4,325
4,326
4,327
4,328
4,329
4,330
4,331
4,333
4,335
4,336
4,337
4,338
4,339
4,340
4,341
4,342
4,343
4,344
4,345
4,347
4,349
4,350
4,351
4,352
4,353
4,354
4,355
4,356
4,357
4,358
4,359
5,120
5,126
5,127
5,130
5,131
5,134
5,135
5,136
5,139
5,140
5,141
5,142
5,145
5,146
5,147
5,148
5,149
5,152
5,153
5,154
5,155
5,156
5,157
5,160
5,161
5,162
5,163
5,164
5,165
5,166
5,169
5,170
5,171
5,172
5,173
5,174
5,175
5,176
5,179
5,180
5,181
5,182
5,183
5,184
5,185
5,186
5,187
5,190
5,191
5,192
5,193
5,194
5,195
5,196
5,197
5,198
5,199
5,202
5,203
5,204
5,205
5,206
5,207
5,208
5,209
5,210
5,211
5,212
5,215
5,216
5,217
5,218
5,219
5,220
5,221
5,222
5,223
5,224
5,225
5,226
5,229
5,230
5,231
5,232
5,233
5,234
5,235
5,236
5,237
5,238
5,239
5,240
5,246
5,247
5,250
5,251
5,254
5,255
5,256
5,259
5,260
5,261
5,262
5,265
5,266
5,267
5,268
5,269
5,272
5,273
5,274
5,275
5,276
5,277
5,280
5,281
5,282
5,283
5,284
5,285
5,286
5,289
5,290
5,291
5,292
5,293
5,294
5,295
5,296
5,299
5,300
5,301
5,302
5,303
5,304
5,305
5,306
5,307
5,310
5,311
5,312
5,313
5,314
5,315
5,316
5,317
5,318
5,319
5,322
5,323
5,324
5,325
5,326
5,327
5,328
5,329
5,330
5,331
5,332
5,335
5,336
5,337
5,338
5,339
5,340
5,341
5,342
5,343
5,344
5,345
5,346
5,349
5,350
5,351
5,352
5,353
5,354
5,355
5,356
5,357
5,358
5,359
6,122
6,124
6,125
6,131
6,132
6,133
6,136
6,137
6,138
6,140
6,142
6,143
6,144
6,146
6,147
6,149
6,150
6,151
6,153
6,154
6,155
6,157
6,158
6,159
6,161
6,162
6,163
6,164
6,166
6,167
6,168
6,170
6,171
6,172
6,173
6,174
6,176
6,177
6,178
6,180
6,181
6,182
6,183
6,184
6,185
6,187
6,188
6,189
6,191
6,192
6,193
6,194
6,195
6,196
6,197
6,199
6,200
6,201
6,203
6,204
6,205
6,206
6,207
6,208
6,209
6,210
6,212
6,213
6,214
6,216
6,217
6,218
6,219
6,220
6,221
6,222
6,223
6,224
6,226
6,227
6,228
6,230
6,231
6,232
6,233
6,234
6,235
6,236
6,237
6,238
6,239
6,242
6,244
6,245
6,251
6,252
6,253
6,256
6,257
6,258
6,260
6,262
6,263
6,264
6,266
6,267
6,269
6,270
6,271
6,273
6,274
6,275
6,277
6,278
6,279
6,281
6,282
6,283
6,284
6,286
6,287
6,288
6,290
6,291
6,292
6,293
6,294
6,296
6,297
6,298
6,300
6,301
6,302
6,303
6,304
6,305
6,307
6,308
6,309
6,311
6,312
6,313
6,314
6,315
6,316
6,317
6,319
6,320
6,321
6,323
6,324
6,325
6,326
6,327
6,328
6,329
6,330
6,332
6,333
6,334
6,336
6,337
6,338
6,339
6,340
6,341
6,342
6,343
6,344
6,346
6,347
6,348
6,350
6,351
6,352
6,353
6,354
6,355
6,356
6,357
6,358
6,359
7,121
7,123
7,125
7,130
7,132
7,133
7,135
7,137
7,138
7,140
7,141
7,143
7,144
7,146
7,147
7,148
7,150
7,151
7,153
7,154
7,155
7,156
7,158
7,159
7,161
7,162
7,163
7,164
7,165
7,167
7,168
7,170
7,171
7,172
7,173
7,174
7,175
7,177
7,178
7,180
7,181
7,182
7,183
7,184
7,185
7,186
7,188
7,189
7,191
7,192
7,193
7,194
7,195
7,196
7,197
7,198
7,200
7,201
7,203
7,204
7,205
7,206
7,207
7,208
7,209
7,210
7,211
7,213
7,214
7,216
7,217
7,218
7,219
7,220
7,221
7,222
7,223
7,224
7,225
7,227
7,228
7,230
7,231
7,232
7,233
7,234
7,235
7,236
7,237
7,238
7,239
7,241
7,243
7,245
7,250
7,252
7,253
7,255
7,257
7,258
7,260
7,261
7,263
7,264
7,266
7,267
7,268
7,270
7,271
7,273
7,274
7,275
7,276
7,278
7,279
7,281
7,282
7,283
7,284
7,285
7,287
7,288
7,290
7,291
7,292
7,293
7,294
7,295
7,297
7,298
7,300
7,301
7,302
7,303
7,304
7,305
7,306
7,308
7,309
7,311
7,312
7,313
7,314
7,315
7,316
7,317
7,318
7,320
7,321
7,323
7,324
7,325
7,326
7,327
7,328
7,329
7,330
7,331
7,333
7,334
7,336
7,337
7,338
7,339
7,340
7,341
7,342
7,343
7,344
7,345
7,347
7,348
7,350
7,351
7,352
7,353
7,354
7,355
7,356
7,357
7,358
7,359
8,120
8,123
8,124
8,130
8,131
8,133
8,135
8,136
8,138
8,140
8,141
8,142
8,144
8,146
8,147
8,148
8,149
8,151
8,153
8,154
8,155
8,156
8,157
8,159
8,161
8,162
8,163
8,164
8,165
8,166
8,168
8,170
8,171
8,172
8,173
8,174
8,175
8,176
8,178
8,180
8,181
8,182
8,183
8,184
8,185
8,186
8,187
8,189
8,191
8,192
8,193
8,194
8,195
8,196
8,197
8,198
8,199
8,201
8,203
8,204
8,205
8,206
8,207
8,208
8,209
8,210
8,211
8,212
8,214
8,216
8,217
8,218
8,219
8,220
8,221
8,222
8,223
8,224
8,225
8,226
8,228
8,230
8,231
8,232
8,233
8,234
8,235
8,236
8,237
8,238
8,239
8,240
8,243
8,244
8,250
8,251
8,253
8,255
8,256
8,258
8,260
8,261
8,262
8,264
8,266
8,267
8,268
8,269
8,271
8,273
8,274
8,275
8,276
8,277
8,279
8,281
8,282
8,283
8,284
8,285
8,286
8,288
8,290
8,291
8,292
8,293
8,294
8,295
8,296
8,298
8,300
8,301
8,302
8,303
8,304
8,305
8,306
8,307
8,309
8,311
8,312
8,313
8,314
8,315
8,316
8,317
8,318
8,319
8,321
8,323
8,324
8,325
8,326
8,327
8,328
8,329
8,330
8,331
8,332
8,334
8,336
8,337
8,338
8,339
8,340
8,341
8,342
8,343
8,344
8,345
8,346
8,348
8,350
8,351
8,352
8,353
8,354
8,355
8,356
8,357
8,358
8,359
9,120
9,121
9,122
9,130
9,131
9,132
9,135
9,136
9,137
9,140
9,141
9,142
9,143
9,146
9,147
9,148
9,149
9,150
9,153
9,154
9,155
9,156
9,157
9,158
9,161
9,162
9,163
9,164
9,165
9,166
9,167
9,170
9,171
9,172
9,173
9,174
9,175
9,176
9,177
9,180
9,181
9,182
9,183
9,184
9,185
9,186
9,187
9,188
9,191
9,192
9,193
9,194
9,195
9,196
9,197
9,198
9,199
9,200
9,203
9,204
9,205
9,206
9,207
9,208
9,209
9,210
9,211
9,212
9,213
9,216
9,217
9,218
9,219
9,220
9,221
9,222
9,223
9,224
9,225
9,226
9,227
9,230
9,231
9,232
9,233
9,234
9,235
9,236
9,237
9,238
9,239
9,240
9,241
9,242
9,250
9,251
9,252
9,255
9,256
9,257
9,260
9,261
9,262
9,263
9,266
9,267
9,268
9,269
9,270
9,273
9,274
9,275
9,276
9,277
9,278
9,281
9,282
9,283
9,284
9,285
9,286
9,287
9,290
9,291
9,292
9,293
9,294
9,295
9,296
9,297
9,300
9,301
9,302
9,303
9,304
9,305
9,306
9,307
9,308
9,311
9,312
9,313
9,314
9,315
9,316
9,317
9,318
9,319
9,320
9,323
9,324
9,325
9,326
9,327
9,328
9,329
9,330
9,331
9,332
9,333
9,336
9,337
9,338
9,339
9,340
9,341
9,342
9,343
9,344
9,345
9,346
9,347
9,350
9,351
9,352
9,353
9,354
9,355
9,356
9,357
9,358
9,359
10,122
10,124
10,125
10,127
10,128
10,129
10,136
10,137
10,138
10,139
10,142
10,143
10,144
10,145
10,147
10,149
10,150
10,151
10,152
10,154
10,155
10,157
10,158
10,159
10,160
10,162
10,163
10,164
10,166
10,167
10,168
10,169
10,171
10,172
10,173
10,174
10,176
10,177
10,178
10,179
10,181
10,182
10,183
10,184
10,185
10,187
10,188
10,189
10,190
10,192
10,193
10,194
10,195
10,196
10,197
10,199
10,200
10,201
10,202
10,204
10,205
10,206
10,207
10,208
10,209
10,210
10,212
10,213
10,214
10,215
10,217
10,218
10,219
10,220
10,221
10,222
10,223
10,224
10,226
10,227
10,228
10,229
10,231
10,232
10,233
10,234
10,235
10,236
10,237
10,238
10,239
10,242
10,244
10,245
10,247
10,248
10,249
10,256
10,257
10,258
10,259
10,262
10,263
10,264
10,265
10,267
10,269
10,270
10,271
10,272
10,274
10,275
10,277
10,278
10,279
10,280
10,282
10,283
10,284
10,286
10,287
10,288
10,289
10,291
10,292
10,293
10,294
10,296
10,297
10,298
10,299
10,301
10,302
10,303
10,304
10,305
10,307
10,308
10,309
10,310
10,312
10,313
10,314
10,315
10,316
10,317
10,319
10,320
10,321
10,322
10,324
10,325
10,326
10,327
10,328
10,329
10,330
10,332
10,333
10,334
10,335
10,337
10,338
10,339
10,340
10,341
10,342
10,343
10,344
10,346
10,347
10,348
10,349
10,351
10,352
10,353
10,354
10,355
10,356
10,357
10,358
10,359
11,121
11,123
11,125
11,126
11,128
11,129
11,135
11,137
11,138
11,139
11,141
11,143
11,144
11,145
11,147
11,148
11,150
11,151
11,152
11,154
11,155
11,156
11,158
11,159
11,160
11,162
11,163
11,164
11,165
11,167
11,168
11,169
11,171
11,172
11,173
11,174
11,175
11,177
11,178
11,179
11,181
11,182
11,183
11,184
11,185
11,186
11,188
11,189
11,190
11,192
11,193
11,194
11,195
11,196
11,197
11,198
11,200
11,201
11,202
11,204
11,205
11,206
11,207
11,208
11,209
11,210
11,211
11,213
11,214
11,215
11,217
11,218
11,219
11,220
11,221
11,222
11,223
11,224
11,225
11,227
11,228
11,229
11,231
11,232
11,233
11,234
11,235
11,236
11,237
11,238
11,239
11,241
11,243
11,245
11,246
11,248
11,249
11,255
11,257
11,258
11,259
11,261
11,263
11,264
11,265
11,267
11,268
11,270
11,271
11,272
11,274
11,275
11,276
11,278
11,279
11,280
11,282
11,283
11,284
11,285
11,287
11,288
11,289
11,291
11,292
11,293
11,294
11,295
11,297
11,298
11,299
11,301
11,302
11,303
11,304
11,305
11,306
11,308
11,309
11,310
11,312
11,313
11,314
11,315
11,316
11,317
11,318
11,320
11,321
11,322
11,324
11,325
11,326
11,327
11,328
11,329
11,330
11,331
11,333
11,334
11,335
11,337
11,338
11,339
11,340
11,341
11,342
11,343
11,344
11,345
11,347
11,348
11,349
11,351
11,352
11,353
11,354
11,355
11,356
11,357
11,358
11,359
12,120
12,123
12,124
12,126
12,127
12,129
12,135
12,136
12,138
12,139
12,141
12,142
12,144
12,145
12,147
12,148
12,149
12,151
12,152
12,154
12,155
12,156
12,157
12,159
12,160
12,162
12,163
12,164
12,165
12,166
12,168
12,169
12,171
12,172
12,173
12,174
12,175
12,176
12,178
12,179
12,181
12,182
12,183
12,184
12,185
12,186
12,187
12,189
12,190
12,192
12,193
12,194
12,195
12,196
12,197
12,198
12,199
12,201
12,202
12,204
12,205
12,206
12,207
12,208
12,209
12,210
12,211
12,212
12,214
12,215
12,217
12,218
12,219
12,220
12,221
12,222
12,223
12,224
12,225
12,226
12,228
12,229
12,231
12,232
12,233
12,234
12,235
12,236
12,237
12,238
12,239
12,240
12,243
12,244
12,246
12,247
12,249
12,255
12,256
12,258
12,259
12,261
12,262
12,264
12,265
12,267
12,268
12,269
12,271
12,272
12,274
12,275
12,276
12,277
12,279
12,280
12,282
12,283
12,284
12,285
12,286
12,288
12,289
12,291
12,292
12,293
12,294
12,295
12,296
12,298
12,299
12,301
12,302
12,303
12,304
12,305
12,306
12,307
12,309
12,310
12,312
12,313
12,314
12,315
12,316
12,317
12,318
12,319
12,321
12,322
12,324
12,325
12,326
12,327
12,328
12,329
12,330
12,331
12,332
12,334
12,335
12,337
12,338
12,339
12,340
12,341
12,342
12,343
12,344
12,345
12,346
12,348
12,349
12,351
12,352
12,353
12,354
12,355
12,356
12,357
12,358
12,359
13,120
13,121
13,122
13,126
13,127
13,128
13,135
13,136
13,137
13,139
13,141
13,142
13,143
13,145
13,147
13,148
13,149
13,150
13,152
13,154
13,155
13,156
13,157
13,158
13,160
13,162
13,163
13,164
13,165
13,166
13,167
13,169
13,171
13,172
13,173
13,174
13,175
13,176
13,177
13,179
13,181
13,182
13,183
13,184
13,185
13,186
13,187
13,188
13,190
13,192
13,193
13,194
13,195
13,196
13,197
13,198
13,199
13,200
13,202
13,204
13,205
13,206
13,207
13,208
13,209
13,210
13,211
13,212
13,213
13,215
13,217
13,218
13,219
13,220
13,221
13,222
13,223
13,224
13,225
13,226
13,227
13,229
13,231
13,232
13,233
13,234
13,235
13,236
13,237
13,238
13,239
13,240
13,241
13,242
13,246
13,247
13,248
13,255
13,256
13,257
13,259
13,261
13,262
13,263
13,265
13,267
13,268
13,269
13,270
13,272
13,274
13,275
13,276
13,277
13,278
13,280
13,282
13,283
13,284
13,285
13,286
13,287
13,289
13,291
13,292
13,293
13,294
13,295
13,296
13,297
13,299
13,301
13,302
13,303
13,304
13,305
13,306
13,307
13,308
13,310
13,312
13,313
13,314
13,315
13,316
13,317
13,318
13,319
13,320
13,322
13,324
13,325
13,326
13,327
13,328
13,329
13,330
13,331
13,332
13,333
13,335
13,337
13,338
13,339
13,340
13,341
13,342
13,343
13,344
13,345
13,346
13,347
13,349
13,351
13,352
13,353
13,354
13,355
13,356
13,357
13,358
13,359
14,120
14,121
14,122
14,123
14,124
14,125
14,135
14,136
14,137
14,138
14,141
14,142
14,143
14,144
14,147
14,148
14,149
14,150
14,151
14,154
14,155
14,156
14,157
14,158
14,159
14,162
14,163
14,164
14,165
14,166
14,167
14,168
14,171
14,172
14,173
14,174
14,175
14,176
14,177
14,178
14,181
14,182
14,183
14,184
14,185
14,186
14,187
14,188
14,189
14,192
14,193
14,194
14,195
14,196
14,197
14,198
14,199
14,200
14,201
14,204
14,205
14,206
14,207
14,208
14,209
14,210
14,211
14,212
14,213
14,214
14,217
14,218
14,219
14,220
14,221
14,222
14,223
14,224
14,225
14,226
14,227
14,228
14,231
14,232
14,233
14,234
14,235
14,236
14,237
14,238
14,239
14,240
14,241
14,242
14,243
14,244
14,245
14,255
14,256
14,257
14,258
14,261
14,262
14,263
14,264
14,267
14,268
14,269
14,270
14,271
14,274
14,275
14,276
14,277
14,278
14,279
14,282
14,283
14,284
14,285
14,286
14,287
14,288
14,291
14,292
14,293
14,294
14,295
14,296
14,297
14,298
14,301
14,302
14,303
14,304
14,305
14,306
14,307
14,308
14,309
14,312
14,313
14,314
14,315
14,316
14,317
14,318
14,319
14,320
14,321
14,324
14,325
14,326
14,327
14,328
14,329
14,330
14,331
14,332
14,333
14,334
14,337
14,338
14,339
14,340
14,341
14,342
14,343
14,344
14,345
14,346
14,347
14,348
14,351
14,352
14,353
14,354
14,355
14,356
14,357
14,358
14,359
15,122
15,124
15,125
15,127
15,128
15,129
15,131
15,132
15,133
15,134
15,142
15,143
15,144
15,145
15,146
15,149
15,150
15,151
15,152
15,153
15,155
15,157
15,158
15,159
15,160
15,161
15,163
15,164
15,166
15,167
15,168
15,169
15,170
15,172
15,173
15,174
15,176
15,177
15,178
15,179
15,180
15,182
15,183
15,184
15,185
15,187
15,188
15,189
15,190
15,191
15,193
15,194
15,195
15,196
15,197
15,199
15,200
15,201
15,202
15,203
15,205
15,206
15,207
15,208
15,209
15,210
15,212
15,213
15,214
15,215
15,216
15,218
15,219
15,220
15,221
15,222
15,223
15,224
15,226
15,227
15,228
15,229
15,230
15,232
15,233
15,234
15,235
15,236
15,237
15,238
15,239
15,242
15,244
15,245
15,247
15,248
15,249
15,251
15,252
15,253
15,254
15,262
15,263
15,264
15,265
15,266
15,269
15,270
15,271
15,272
15,273
15,275
15,277
15,278
15,279
15,280
15,281
15,283
15,284
15,286
15,287
15,288
15,289
15,290
15,292
15,293
15,294
15,296
15,297
15,298
15,299
15,300
15,302
15,303
15,304
15,305
15,307
15,308
15,309
15,310
15,311
15,313
15,314
15,315
15,316
15,317
15,319
15,320
15,321
15,322
15,323
15,325
15,326
15,327
15,328
15,329
15,330
15,332
15,333
15,334
15,335
15,336
15,338
15,339
15,340
15,341
15,342
15,343
15,344
15,346
15,347
15,348
15,349
15,350
15,352
15,353
15,354
15,355
15,356
15,357
15,358
15,359
16,121
16,123
16,125
16,126
16,128
16,129
16,130
16,132
16,133
16,134
16,141
16,143
16,144
16,145
16,146
16,148
16,150
16,151
16,152
16,153
16,155
16,156
16,158
16,159
16,160
16,161
16,163
16,164
16,165
16,167
16,168
16,169
16,170
16,172
16,173
16,174
16,175
16,177
16,178
16,179
16,180
16,182
16,183
16,184
16,185
16,186
16,188
16,189
16,190
16,191
16,193
16,194
16,195
16,196
16,197
16,198
16,200
16,201
16,202
16,203
16,205
16,206
16,207
16,208
16,209
16,210
16,211
16,213
16,214
16,215
16,216
16,218
16,219
16,220
16,221
16,222
16,223
16,224
16,225
16,227
16,228
16,229
16,230
16,232
16,233
16,234
16,235
16,236
16,237
16,238
16,239
16,241
16,243
16,245
16,246
16,248
16,249
16,250
16,252
16,253
16,254
16,261
16,263
16,264
16,265
16,266
16,268
16,270
16,271
16,272
16,273
16,275
16,276
16,278
16,279
16,280
16,281
16,283
16,284
16,285
16,287
16,288
16,289
16,290
16,292
16,293
16,294
16,295
16,297
16,298
16,299
16,300
16,302
16,303
16,304
16,305
16,306
16,308
16,309
16,310
16,311
16,313
16,314
16,315
16,316
16,317
16,318
16,320
16,321
16,322
16,323
16,325
16,326
16,327
16,328
16,329
16,330
16,331
16,333
16,334
16,335
16,336
16,338
16,339
16,340
16,341
16,342
16,343
16,344
16,345
16,347
16,348
16,349
16,350
16,352
16,353
16,354
16,355
16,356
16,357
16,358
16,359
17,120
17,123
17,124
17,126
17,127
17,129
17,130
17,131
17,133
17,134
17,141
17,142
17,144
17,145
17,146
17,148
17,149
17,151
17,152
17,153
17,155
17,156
17,157
17,159
17,160
17,161
17,163
17,164
17,165
17,166
17,168
17,169
17,170
17,172
17,173
17,174
17,175
17,176
17,178
17,179
17,180
17,182
17,183
17,184
17,185
17,186
17,187
17,189
17,190
17,191
17,193
17,194
17,195
17,196
17,197
17,198
17,199
17,201
17,202
17,203
17,205
17,206
17,207
17,208
17,209
17,210
17,211
17,212
17,214
17,215
17,216
17,218
17,219
17,220
17,221
17,222
17,223
17,224
17,225
17,226
17,228
17,229
17,230
17,232
17,233
17,234
17,235
17,236
17,237
17,238
17,239
17,240
17,243
17,244
17,246
17,247
17,249
17,250
17,251
17,253
17,254
17,261
17,262
17,264
17,265
17,266
17,268
17,269
17,271
17,272
17,273
17,275
17,276
17,277
17,279
17,280
17,281
17,283
17,284
17,285
17,286
17,288
17,289
17,290
17,292
17,293
17,294
17,295
17,296
17,298
17,299
17,300
17,302
17,303
17,304
17,305
17,306
17,307
17,309
17,310
17,311
17,313
17,314
17,315
17,316
17,317
17,318
17,319
17,321
17,322
17,323
17,325
17,326
17,327
17,328
17,329
17,330
17,331
17,332
17,334
17,335
17,336
17,338
17,339
17,340
17,341
17,342
17,343
17,344
17,345
17,346
17,348
17,349
17,350
17,352
17,353
17,354
17,355
17,356
17,357
17,358
17,359
18,120
18,121
18,122
18,126
18,127
18,128
18,130
18,131
18,132
18,134
18,141
18,142
18,143
18,145
18,146
18,148
18,149
18,150
18,152
18,153
18,155
18,156
18,157
18,158
18,160
18,161
18,163
18,164
18,165
18,166
18,167
18,169
18,170
18,172
18,173
18,174
18,175
18,176
18,177
18,179
18,180
18,182
18,183
18,184
18,185
18,186
18,187
18,188
18,190
18,191
18,193
18,194
18,195
18,196
18,197
18,198
18,199
18,200
18,202
18,203
18,205
18,206
18,207
18,208
18,209
18,210
18,211
18,212
18,213
18,215
18,216
18,218
18,219
18,220
18,221
18,222
18,223
18,224
18,225
18,226
18,227
18,229
18,230
18,232
18,233
18,234
18,235
18,236
18,237
18,238
18,239
18,240
18,241
18,242
18,246
18,247
18,248
18,250
18,251
18,252
18,254
18,261
18,262
18,263
18,265
18,266
18,268
18,269
18,270
18,272
18,273
18,275
18,276
18,277
18,278
18,280
18,281
18,283
18,284
18,285
18,286
18,287
18,289
18,290
18,292
18,293
18,294
18,295
18,296
18,297
18,299
18,300
18,302
18,303
18,304
18,305
18,306
18,307
18,308
18,310
18,311
18,313
18,314
18,315
18,316
18,317
18,318
18,319
18,320
18,322
18,323
18,325
18,326
18,327
18,328
18,329
18,330
18,331
18,332
18,333
18,335
18,336
18,338
18,339
18,340
18,341
18,342
18,343
18,344
18,345
18,346
18,347
18,349
18,350
18,352
18,353
18,354
18,355
18,356
18,357
18,358
18,359
19,120
19,121
19,122
19,123
19,124
19,125
19,130
19,131
19,132
19,133
19,141
19,142
19,143
19,144
19,146
19,148
19,149
19,150
19,151
19,153
19,155
19,156
19,157
19,158
19,159
19,161
19,163
19,164
19,165
19,166
19,167
19,168
19,170
19,172
19,173
19,174
19,175
19,176
19,177
19,178
19,180
19,182
19,183
19,184
19,185
19,186
19,187
19,188
19,189
19,191
19,193
19,194
19,195
19,196
19,197
19,198
19,199
19,200
19,201
19,203
19,205
19,206
19,207
19,208
19,209
19,210
19,211
19,212
19,213
19,214
19,216
19,218
19,219
19,220
19,221
19,222
19,223
19,224
19,225
19,226
19,227
19,228
19,230
19,232
19,233
19,234
19,235
19,236
19,237
19,238
19,239
19,240
19,241
19,242
19,243
19,244
19,245
19,250
19,251
19,252
19,253
19,261
19,262
19,263
19,264
19,266
19,268
19,269
19,270
19,271
19,273
19,275
19,276
19,277
19,278
19,279
19,281
19,283
19,284
19,285
19,286
19,287
19,288
19,290
19,292
19,293
19,294
19,295
19,296
19,297
19,298
19,300
19,302
19,303
19,304
19,305
19,306
19,307
19,308
19,309
19,311
19,313
19,314
19,315
19,316
19,317
19,318
19,319
19,320
19,321
19,323
19,325
19,326
19,327
19,328
19,329
19,330
19,331
19,332
19,333
19,334
19,336
19,338
19,339
19,340
19,341
19,342
19,343
19,344
19,345
19,346
19,347
19,348
19,350
19,352
19,353
19,354
19,355
19,356
19,357
19,358
19,359
20,120
20,121
20,122
20,123
20,124
20,125
20,126
20,127
20,128
20,129
20,141
20,142
20,143
20,144
20,145
20,148
20,149
20,150
20,151
20,152
20,155
20,156
20,157
20,158
20,159
20,160
20,163
20,164
20,165
20,166
20,167
20,168
20,169
20,172
20,173
20,174
20,175
20,176
20,177
20,178
20,179
20,182
20,183
20,184
20,185
20,186
20,187
20,188
20,189
20,190
20,193
20,194
20,195
20,196
20,197
20,198
20,199
20,200
20,201
20,202
20,205
20,206
20,207
20,208
20,209
20,210
20,211
20,212
20,213
20,214
20,215
20,218
20,219
20,220
20,221
20,222
20,223
20,224
20,225
20,226
20,227
20,228
20,229
20,232
20,233
20,234
20,235
20,236
20,237
20,238
20,239
20,240
20,241
20,242
20,243
20,244
20,245
20,246
20,247
20,248
20,249
20,261
20,262
20,263
20,264
20,265
20,268
20,269
20,270
20,271
20,272
20,275
20,276
20,277
20,278
20,279
20,280
20,283
20,284
20,285
20,286
20,287
20,288
20,289
20,292
20,293
20,294
20,295
20,296
20,297
20,298
20,299
20,302
20,303
20,304
20,305
20,306
20,307
20,308
20,309
20,310
20,313
20,314
20,315
20,316
20,317
20,318
20,319
20,320
20,321
20,322
20,325
20,326
20,327
20,328
20,329
20,330
20,331
20,332
20,333
20,334
20,335
20,338
20,339
20,340
20,341
20,342
20,343
20,344
20,345
20,346
20,347
20,348
20,349
20,352
20,353
20,354
20,355
20,356
20,357
20,358
20,359
21,122
21,124
21,125
21,127
21,128
21,129
21,131
21,132
21,133
21,134
21,136
21,137
21,138
21,139
21,140
21,149
21,150
21,151
21,152
21,153
21,154
21,157
21,158
21,159
21,160
21,161
21,162
21,164
21,166
21,167
21,168
21,169
21,170
21,171
21,173
21,174
21,176
21,177
21,178
21,179
21,180
21,181
21,183
21,184
21,185
21,187
21,188
21,189
21,190
21,191
21,192
21,194
21,195
21,196
21,197
21,199
21,200
21,201
21,202
21,203
21,204
21,206
21,207
21,208
21,209
21,210
21,212
21,213
21,214
21,215
21,216
21,217
21,219
21,220
21,221
21,222
21,223
21,224
21,226
21,227
21,228
21,229
21,230
21,231
21,233
21,234
21,235
21,236
21,237
21,238
21,239
21,242
21,244
21,245
21,247
21,248
21,249
21,251
21,252
21,253
21,254
21,256
21,257
21,258
21,259
21,260
21,269
21,270
21,271
21,272
21,273
21,274
21,277
21,278
21,279
21,280
21,281
21,282
21,284
21,286
21,287
21,288
21,289
21,290
21,291
21,293
21,294
21,296
21,297
21,298
21,299
21,300
21,301
21,303
21,304
21,305
21,307
21,308
21,309
21,310
21,311
21,312
21,314
21,315
21,316
21,317
21,319
21,320
21,321
21,322
21,323
21,324
21,326
21,327
21,328
21,329
21,330
21,332
21,333
21,334
21,335
21,336
21,337
21,339
21,340
21,341
21,342
21,343
21,344
21,346
21,347
21,348
21,349
21,350
21,351
21,353
21,354
21,355
21,356
21,357
21,358
21,359
22,121
22,123
22,125
22,126
22,128
22,129
22,130
22,132
22,133
22,134
22,135
22,137
22,138
22,139
22,140
22,148
22,150
22,151
22,152
22,153
22,154
22,156
22,158
22,159
22,160
22,161
22,162
22,164
22,165
22,167
22,168
22,169
22,170
22,171
22,173
22,174
22,175
22,177
22,178
22,179
22,180
22,181
22,183
22,184
22,185
22,186
22,188
22,189
22,190
22,191
22,192
22,194
22,195
22,196
22,197
22,198
22,200
22,201
22,202
22,203
22,204
22,206
22,207
22,208
22,209
22,210
22,211
22,213
22,214
22,215
22,216
22,217
22,219
22,220
22,221
22,222
22,223
22,224
22,225
22,227
22,228
22,229
22,230
22,231
22,233
22,234
22,235
22,236
22,237
22,238
22,239
22,241
22,243
22,245
22,246
22,248
22,249
22,250
22,252
22,253
22,254
22,255
22,257
22,258
22,259
22,260
22,268
22,270
22,271
22,272
22,273
22,274
22,276
22,278
22,279
22,280
22,281
22,282
22,284
22,285
22,287
22,288
22,289
22,290
22,291
22,293
22,294
22,295
22,297
22,298
22,299
22,300
22,301
22,303
22,304
22,305
22,306
22,308
22,309
22,310
22,311
22,312
22,314
22,315
22,316
22,317
22,318
22,320
22,321
22,322
22,323
22,324
22,326
22,327
22,328
22,329
22,330
22,331
22,333
22,334
22,335
22,336
22,337
22,339
22,340
22,341
22,342
22,343
22,344
22,345
22,347
22,348
22,349
22,350
22,351
22,353
22,354
22,355
22,356
22,357
22,358
22,359
23,120
23,123
23,124
23,126
23,127
23,129
23,130
23,131
23,133
23,134
23,135
23,136
23,138
23,139
23,140
23,148
23,149
23,151
23,152
23,153
23,154
23,156
23,157
23,159
23,160
23,161
23,162
23,164
23,165
23,166
23,168
23,169
23,170
23,171
23,173
23,174
23,175
23,176
23,178
23,179
23,180
23,181
23,183
23,184
23,185
23,186
23,187
23,189
23,190
23,191
23,192
23,194
23,195
23,196
23,197
23,198
23,199
23,201
23,202
23,203
23,204
23,206
23,207
23,208
23,209
23,210
23,211
23,212
23,214
23,215
23,216
23,217
23,219
23,220
23,221
23,222
23,223
23,224
23,225
23,226
23,228
23,229
23,230
23,231
23,233
23,234
23,235
23,236
23,237
23,238
23,239
23,240
23,243
23,244
23,246
23,247
23,249
23,250
23,251
23,253
23,254
23,255
23,256
23,258
23,259
23,260
23,268
23,269
23,271
23,272
23,273
23,274
23,276
23,277
23,279
23,280
23,281
23,282
23,284
23,285
23,286
23,288
23,289
23,290
23,291
23,293
23,294
23,295
23,296
23,298
23,299
23,300
23,301
23,303
23,304
23,305
23,306
23,307
23,309
23,310
23,311
23,312
23,314
23,315
23,316
23,317
23,318
23,319
23,321
23,322
23,323
23,324
23,326
23,327
23,328
23,329
23,330
23,331
23,332
23,334
23,335
23,336
23,337
23,339
23,340
23,341
23,342
23,343
23,344
23,345
23,346
23,348
23,349
23,350
23,351
23,353
23,354
23,355
23,356
23,357
23,358
23,359
24,120
24,121
24,122
24,126
24,127
24,128
24,130
24,131
24,132
24,134
24,135
24,136
24,137
24,139
24,140
24,148
24,149
24,150
24,152
24,153
24,154
24,156
24,157
24,158
24,160
24,161
24,162
24,164
24,165
24,166
24,167
24,169
24,170
24,171
24,173
24,174
24,175
24,176
24,177
24,179
24,180
24,181
24,183
24,184
24,185
24,186
24,187
24,188
24,190
24,191
24,192
24,194
24,195
24,196
24,197
24,198
24,199
24,200
24,202
24,203
24,204
24,206
24,207
24,208
24,209
24,210
24,211
24,212
24,213
24,215
24,216
24,217
24,219
24,220
24,221
24,222
24,223
24,224
24,225
24,226
24,227
24,229
24,230
24,231
24,233
24,234
24,235
24,236
24,237
24,238
24,239
24,240
24,241
24,242
24,246
24,247
24,248
24,250
24,251
24,252
24,254
24,255
24,256
24,257
24,259
24,260
24,268
24,269
24,270
24,272
24,273
24,274
24,276
24,277
24,278
24,280
24,281
24,282
24,284
24,285
24,286
24,287
24,289
24,290
24,291
24,293
24,294
24,295
24,296
24,297
24,299
24,300
24,301
24,303
24,304
24,305
24,306
24,307
24,308
24,310
24,311
24,312
24,314
24,315
24,316
24,317
24,318
24,319
24,320
24,322
24,323
24,324
24,326
24,327
24,328
24,329
24,330
24,331
24,332
24,333
24,335
24,336
24,337
24,339
24,340
24,341
24,342
24,343
24,344
24,345
24,346
24,347
24,349
24,350
24,351
24,353
24,354
24,355
24,356
24,357
24,358
24,359
25,120
25,121
25,122
25,123
25,124
25,125
25,130
25,131
25,132
25,133
25,135
25,136
25,137
25,138
25,140
25,148
25,149
25,150
25,151
25,153
25,154
25,156
25,157
25,158
25,159
25,161
25,162
25,164
25,165
25,166
25,167
25,168
25,170
25,171
25,173
25,174
25,175
25,176
25,177
25,178
25,180
25,181
25,183
25,184
25,185
25,186
25,187
25,188
25,189
25,191
25,192
25,194
25,195
25,196
25,197
25,198
25,199
25,200
25,201
25,203
25,204
25,206
25,207
25,208
25,209
25,210
25,211
25,212
25,213
25,214
25,216
25,217
25,219
25,220
25,221
25,222
25,223
25,224
25,225
25,226
25,227
25,228
25,230
25,231
25,233
25,234
25,235
25,236
25,237
25,238
25,239
25,240
25,241
25,242
25,243
25,244
25,245
25,250
25,251
25,252
25,253
25,255
25,256
25,257
25,258
25,260
25,268
25,269
25,270
25,271
25,273
25,274
25,276
25,277
25,278
25,279
25,281
25,282
25,284
25,285
25,286
25,287
25,288
25,290
25,291
25,293
25,294
25,295
25,296
25,297
25,298
25,300
25,301
25,303
25,304
25,305
25,306
25,307
25,308
25,309
25,311
25,312
25,314
25,315
25,316
25,317
25,318
25,319
25,320
25,321
25,323
25,324
25,326
25,327
25,328
25,329
25,330
25,331
25,332
25,333
25,334
25,336
25,337
25,339
25,340
25,341
25,342
25,343
25,344
25,345
25,346
25,347
25,348
25,350
25,351
25,353
25,354
25,355
25,356
25,357
25,358
25,359
26,120
26,121
26,122
26,123
26,124
26,125
26,126
26,127
26,128
26,129
26,135
26,136
26,137
26,138
26,139
26,148
26,149
26,150
26,151
26,152
26,154
26,156
26,157
26,158
26,159
26,160
26,162
26,164
26,165
26,166
26,167
26,168
26,169
26,171
26,173
26,174
26,175
26,176
26,177
26,178
26,179
26,181
26,183
26,184
26,185
26,186
26,187
26,188
26,189
26,190
26,192
26,194
26,195
26,196
26,197
26,198
26,199
26,200
26,201
26,202
26,204
26,206
26,207
26,208
26,209
26,210
26,211
26,212
26,213
26,214
26,215
26,217
26,219
26,220
26,221
26,222
26,223
26,224
26,225
26,226
26,227
26,228
26,229
26,231
26,233
26,234
26,235
26,236
26,237
26,238
26,239
26,240
26,241
26,242
26,243
26,244
26,245
26,246
26,247
26,248
26,249
26,255
26,256
26,257
26,258
26,259
26,268
26,269
26,270
26,271
26,272
26,274
26,276
26,277
26,278
26,279
26,280
26,282
26,284
26,285
26,286
26,287
26,288
26,289
26,291
26,293
26,294
26,295
26,296
26,297
26,298
26,299
26,301
26,303
26,304
26,305
26,306
26,307
26,308
26,309
26,310
26,312
26,314
26,315
26,316
26,317
26,318
26,319
26,320
26,321
26,322
26,324
26,326
26,327
26,328
26,329
26,330
26,331
26,332
26,333
26,334
26,335
26,337
26,339
26,340
26,341
26,342
26,343
26,344
26,345
26,346
26,347
26,348
26,349
26,351
26,353
26,354
26,355
26,356
26,357
26,358
26,359
27,120
27,121
27,122
27,123
27,124
27,125
27,126
27,127
27,128
27,129
27,130
27,131
27,132
27,133
27,134
27,148
27,149
27,150
27,151
27,152
27,153
27,156
27,157
27,158
27,159
27,160
27,161
27,164
27,165
27,166
27,167
27,168
27,169
27,170
27,173
27,174
27,175
27,176
27,177
27,178
27,179
27,180
27,183
27,184
27,185
27,186
27,187
27,188
27,189
27,190
27,191
27,194
27,195
27,196
27,197
27,198
27,199
27,200
27,201
27,202
27,203
27,206
27,207
27,208
27,209
27,210
27,211
27,212
27,213
27,214
27,215
27,216
27,219
27,220
27,221
27,222
27,223
27,224
27,225
27,226
27,227
27,228
27,229
27,230
27,233
27,234
27,235
27,236
27,237
27,238
27,239
27,240
27,241
27,242
27,243
27,244
27,245
27,246
27,247
27,248
27,249
27,250
27,251
27,252
27,253
27,254
27,268
27,269
27,270
27,271
27,272
27,273
27,276
27,277
27,278
27,279
27,280
27,281
27,284
27,285
27,286
27,287
27,288
27,289
27,290
27,293
27,294
27,295
27,296
27,297
27,298
27,299
27,300
27,303
27,304
27,305
27,306
27,307
27,308
27,309
27,310
27,311
27,314
27,315
27,316
27,317
27,318
27,319
27,320
27,321
27,322
27,323
27,326
27,327
27,328
27,329
27,330
27,331
27,332
27,333
27,334
27,335
27,336
27,339
27,340
27,341
27,342
27,343
27,344
27,345
27,346
27,347
27,348
27,349
27,350
27,353
27,354
27,355
27,356
27,357
27,358
27,359
28,122
28,124
28,125
28,127
28,128
28,129
28,131
28,132
28,133
28,134
28,136
28,137
28,138
28,139
28,140
28,142
28,143
28,144
28,145
28,146
28,147
28,157
28,158
28,159
28,160
28,161
28,162
28,163
28,166
28,167
28,168
28,169
28,170
28,171
28,172
28,174
28,176
28,177
28,178
28,179
28,180
28,181
28,182
28,184
28,185
28,187
28,188
28,189
28,190
28,191
28,192
28,193
28,195
28,196
28,197
28,199
28,200
28,201
28,202
28,203
28,204
28,205
28,207
28,208
28,209
28,210
28,212
28,213
28,214
28,215
28,216
28,217
28,218
28,220
28,221
28,222
28,223
28,224
28,226
28,227
28,228
28,229
28,230
28,231
28,232
28,234
28,235
28,236
28,237
28,238
28,239
28,242
28,244
28,245
28,247
28,248
28,249
28,251
28,252
28,253
28,254
28,256
28,257
28,258
28,259
28,260
28,262
28,263
28,264
28,265
28,266
28,267
28,277
28,278
28,279
28,280
28,281
28,282
28,283
28,286
28,287
28,288
28,289
28,290
28,291
28,292
28,294
28,296
28,297
28,298
28,299
28,300
28,301
28,302
28,304
28,305
28,307
28,308
28,309
28,310
28,311
28,312
28,313
28,315
28,316
28,317
28,319
28,320
28,321
28,322
28,323
28,324
28,325
28,327
28,328
28,329
28,330
28,332
28,333
28,334
28,335
28,336
28,337
28,338
28,340
28,341
28,342
28,343
28,344
28,346
28,347
28,348
28,349
28,350
28,351
28,352
28,354
28,355
28,356
28,357
28,358
28,359
29,121
29,123
29,125
29,126
29,128
29,129
29,130
29,132
29,133
29,134
29,135
29,137
29,138
29,139
29,140
29,141
29,143
29,144
29,145
29,146
29,147
29,156
29,158
29,159
29,160
29,161
29,162
29,163
29,165
29,167
29,168
29,169
29,170
29,171
29,172
29,174
29,175
29,177
29,178
29,179
29,180
29,181
29,182
29,184
29,185
29,186
29,188
29,189
29,190
29,191
29,192
29,193
29,195
29,196
29,197
29,198
29,200
29,201
29,202
29,203
29,204
29,205
29,207
29,208
29,209
29,210
29,211
29,213
29,214
29,215
29,216
29,217
29,218
29,220
29,221
29,222
29,223
29,224
29,225
29,227
29,228
29,229
29,230
29,231
29,232
29,234
29,235
29,236
29,237
29,238
29,239
29,241
29,243
29,245
29,246
29,248
29,249
29,250
29,252
29,253
29,254
29,255
29,257
29,258
29,259
29,260
29,261
29,263
29,264
29,265
29,266
29,267
29,276
29,278
29,279
29,280
29,281
29,282
29,283
29,285
29,287
29,288
29,289
29,290
29,291
29,292
29,294
29,295
29,297
29,298
29,299
29,300
29,301
29,302
29,304
29,305
29,306
29,308
29,309
29,310
29,311
29,312
29,313
29,315
29,316
29,317
29,318
29,320
29,321
29,322
29,323
29,324
29,325
29,327
29,328
29,329
29,330
29,331
29,333
29,334
29,335
29,336
29,337
29,338
29,340
29,341
29,342
29,343
29,344
29,345
29,347
29,348
29,349
29,350
29,351
29,352
29,354
29,355
29,356
29,357
29,358
29,359
30,120
30,123
30,124
30,126
30,127
30,129
30,130
30,131
30,133
30,134
30,135
30,136
30,138
30,139
30,140
30,141
30,142
30,144
30,145
30,146
30,147
30,156
30,157
30,159
30,160
30,161
30,162
30,163
30,165
30,166
30,168
30,169
30,170
30,171
30,172
30,174
30,175
30,176
30,178
30,179
30,180
30,181
30,182
30,184
30,185
30,186
30,187
30,189
30,190
30,191
30,192
30,193
30,195
30,196
30,197
30,198
30,199
30,201
30,202
30,203
30,204
30,205
30,207
30,208
30,209
30,210
30,211
30,212
30,214
30,215
30,216
30,217
30,218
30,220
30,221
30,222
30,223
30,224
30,225
30,226
30,228
30,229
30,230
30,231
30,232
30,234
30,235
30,236
30,237
30,238
30,239
30,240
30,243
30,244
30,246
30,247
30,249
30,250
30,251
30,253
30,254
30,255
30,256
30,258
30,259
30,260
30,261
30,262
30,264
30,265
30,266
30,267
30,276
30,277
30,279
30,280
30,281
30,282
30,283
30,285
30,286
30,288
30,289
30,290
30,291
30,292
30,294
30,295
30,296
30,298
30,299
30,300
30,301
30,302
30,304
30,305
30,306
30,307
30,309
30,310
30,311
30,312
30,313
30,315
30,316
30,317
30,318
30,319
30,321
30,322
30,323
30,324
30,325
30,327
30,328
30,329
30,330
30,331
30,332
30,334
30,335
30,336
30,337
30,338
30,340
30,341
30,342
30,343
30,344
30,345
30,346
30,348
30,349
30,350
30,351
30,352
30,354
30,355
30,356
30,357
30,358
30,359
31,120
31,121
31,122
31,126
31,127
31,128
31,130
31,131
31,132
31,134
31,135
31,136
31,137
31,139
31,140
31,141
31,142
31,143
31,145
31,146
31,147
31,156
31,157
31,158
31,160
31,161
31,162
31,163
31,165
31,166
31,167
31,169
31,170
31,171
31,172
31,174
31,175
31,176
31,177
31,179
31,180
31,181
31,182
31,184
31,185
31,186
31,187
31,188
31,190
31,191
31,192
31,193
31,195
31,196
31,197
31,198
31,199
31,200
31,202
31,203
31,204
31,205
31,207
31,208
31,209
31,210
31,211
31,212
31,213
31,215
31,216
31,217
31,218
31,220
31,221
31,222
31,223
31,224
31,225
31,226
31,227
31,229
31,230
31,231
31,232
31,234
31,235
31,236
31,237
31,238
31,239
31,240
31,241
31,242
31,246
31,247
31,248
31,250
31,251
31,252
31,254
31,255
31,256
31,257
31,259
31,260
31,261
31,262
31,263
31,265
31,266
31,267
31,276
31,277
31,278
31,280
31,281
31,282
31,283
31,285
31,286
31,287
31,289
31,290
31,291
31,292
31,294
31,295
31,296
31,297
31,299
31,300
31,301
31,302
31,304
31,305
31,306
31,307
31,308
31,310
31,311
31,312
31,313
31,315
31,316
31,317
31,318
31,319
31,320
31,322
31,323
31,324
31,325
31,327
31,328
31,329
31,330
31,331
31,332
31,333
31,335
31,336
31,337
31,338
31,340
31,341
31,342
31,343
31,344
31,345
31,346
31,347
31,349
31,350
31,351
31,352
31,354
31,355
31,356
31,357
31,358
31,359
32,120
32,121
32,122
32,123
32,124
32,125
32,130
32,131
32,132
32,133
32,135
32,136
32,137
32,138
32,140
32,141
32,142
32,143
32,144
32,146
32,147
32,156
32,157
32,158
32,159
32,161
32,162
32,163
32,165
32,166
32,167
32,168
32,170
32,171
32,172
32,174
32,175
32,176
32,177
32,178
32,180
32,181
32,182
32,184
32,185
32,186
32,187
32,188
32,189
32,191
32,192
32,193
32,195
32,196
32,197
32,198
32,199
32,200
32,201
32,203
32,204
32,205
32,207
32,208
32,209
32,210
32,211
32,212
32,213
32,214
32,216
32,217
32,218
32,220
32,221
32,222
32,223
32,224
32,225
32,226
32,227
32,228
32,230
32,231
32,232
32,234
32,235
32,236
32,237
32,238
32,239
32,240
32,241
32,242
32,243
32,244
32,245
32,250
32,251
32,252
32,253
32,255
32,256
32,257
32,258
32,260
32,261
32,262
32,263
32,264
32,266
32,267
32,276
32,277
32,278
32,279
32,281
32,282
32,283
32,285
32,286
32,287
32,288
32,290
32,291
32,292
32,294
32,295
32,296
32,297
32,298
32,300
32,301
32,302
32,304
32,305
32,306
32,307
32,308
32,309
32,311
32,312
32,313
32,315
32,316
32,317
32,318
32,319
32,320
32,321
32,323
32,324
32,325
32,327
32,328
32,329
32,330
32,331
32,332
32,333
32,334
32,336
32,337
32,338
32,340
32,341
32,342
32,343
32,344
32,345
32,346
32,347
32,348
32,350
32,351
32,352
32,354
32,355
32,356
32,357
32,358
32,359
33,120
33,121
33,122
33,123
33,124
33,125
33,126
33,127
33,128
33,129
33,135
33,136
33,137
33,138
33,139
33,141
33,142
33,143
33,144
33,145
33,147
33,156
33,157
33,158
33,159
33,160
33,162
33,163
33,165
33,166
33,167
33,168
33,169
33,171
33,172
33,174
33,175
33,176
33,177
33,178
33,179
33,181
33,182
33,184
33,185
33,186
33,187
33,188
33,189
33,190
33,192
33,193
33,195
33,196
33,197
33,198
33,199
33,200
33,201
33,202
33,204
33,205
33,207
33,208
33,209
33,210
33,211
33,212
33,213
33,214
33,215
33,217
33,218
33,220
33,221
33,222
33,223
33,224
33,225
33,226
33,227
33,228
33,229
33,231
33,232
33,234
33,235
33,236
33,237
33,238
33,239
33,240
33,241
33,242
33,243
33,244
33,245
33,246
33,247
33,248
33,249
33,255
33,256
33,257
33,258
33,259
33,261
33,262
33,263
33,264
33,265
33,267
33,276
33,277
33,278
33,279
33,280
33,282
33,283
33,285
33,286
33,287
33,288
33,289
33,291
33,292
33,294
33,295
33,296
33,297
33,298
33,299
33,301
33,302
33,304
33,305
33,306
33,307
33,308
33,309
33,310
33,312
33,313
33,315
33,316
33,317
33,318
33,319
33,320
33,321
33,322
33,324
33,325
33,327
33,328
33,329
33,330
33,331
33,332
33,333
33,334
33,335
33,337
33,338
33,340
33,341
33,342
33,343
33,344
33,345
33,346
33,347
33,348
33,349
33,351
33,352
33,354
33,355
33,356
33,357
33,358
33,359
34,120
34,121
34,122
34,123
34,124
34,125
34,126
34,127
34,128
34,129
34,130
34,131
34,132
34,133
34,134
34,141
34,142
34,143
34,144
34,145
34,146
34,156
34,157
34,158
34,159
34,160
34,161
34,163
34,165
34,166
34,167
34,168
34,169
34,170
34,172
34,174
34,175
34,176
34,177
34,178
34,179
34,180
34,182
34,184
34,185
34,186
34,187
34,188
34,189
34,190
34,191
34,193
34,195
34,196
34,197
34,198
34,199
34,200
34,201
34,202
34,203
34,205
34,207
34,208
34,209
34,210
34,211
34,212
34,213
34,214
34,215
34,216
34,218
34,220
34,221
34,222
34,223
34,224
34,225
34,226
34,227
34,228
34,229
34,230
34,232
34,234
34,235
34,236
34,237
34,238
34,239
34,240
34,241
34,242
34,243
34,244
34,245
34,246
34,247
34,248
34,249
34,250
34,251
34,252
34,253
34,254
34,261
34,262
34,263
34,264
34,265
34,266
34,276
34,277
34,278
34,279
34,280
34,281
34,283
34,285
34,286
34,287
34,288
34,289
34,290
34,292
34,294
34,295
34,296
34,297
34,298
34,299
34,300
34,302
34,304
34,305
34,306
34,307
34,308
34,309
34,310
34,311
34,313
34,315
34,316
34,317
34,318
34,319
34,320
34,321
34,322
34,323
34,325
34,327
34,328
34,329
34,330
34,331
34,332
34,333
34,334
34,335
34,336
34,338
34,340
34,341
34,342
34,343
34,344
34,345
34,346
34,347
34,348
34,349
34,350
34,352
34,354
34,355
34,356
34,357
34,358
34,359
35,120
35,121
35,122
35,123
35,124
35,125
35,126
35,127
35,128
35,129
35,130
35,131
35,132
35,133
35,134
35,135
35,136
35,137
35,138
35,139
35,140
35,156
35,157
35,158
35,159
35,160
35,161
35,162
35,165
35,166
35,167
35,168
35,169
35,170
35,171
35,174
35,175
35,176
35,177
35,178
35,179
35,180
35,181
35,184
35,185
35,186
35,187
35,188
35,189
35,190
35,191
35,192
35,195
35,196
35,197
35,198
35,199
35,200
35,201
35,202
35,203
35,204
35,207
35,208
35,209
35,210
35,211
35,212
35,213
35,214
35,215
35,216
35,217
35,220
35,221
35,222
35,223
35,224
35,225
35,226
35,227
35,228
35,229
35,230
35,231
35,234
35,235
35,236
35,237
35,238
35,239
35,240
35,241
35,242
35,243
35,244
35,245
35,246
35,247
35,248
35,249
35,250
35,251
35,252
35,253
35,254
35,255
35,256
35,257
35,258
35,259
35,260
35,276
35,277
35,278
35,279
35,280
35,281
35,282
35,285
35,286
35,287
35,288
35,289
35,290
35,291
35,294
35,295
35,296
35,297
35,298
35,299
35,300
35,301
35,304
35,305
35,306
35,307
35,308
35,309
35,310
35,311
35,312
35,315
35,316
35,317
35,318
35,319
35,320
35,321
35,322
35,323
35,324
35,327
35,328
35,329
35,330
35,331
35,332
35,333
35,334
35,335
35,336
35,337
35,340
35,341
35,342
35,343
35,344
35,345
35,346
35,347
35,348
35,349
35,350
35,351
35,354
35,355
35,356
35,357
35,358
35,359
36,122
36,124
36,125
36,127
36,128
36,129
36,131
36,132
36,133
36,134
36,136
36,137
36,138
36,139
36,140
36,142
36,143
36,144
36,145
36,146
36,147
36,149
36,150
36,151
36,152
36,153
36,154
36,155
36,166
36,167
36,168
36,169
36,170
36,171
36,172
36,173
36,176
36,177
36,178
36,179
36,180
36,181
36,182
36,183
36,185
36,187
36,188
36,189
36,190
36,191
36,192
36,193
36,194
36,196
36,197
36,199
36,200
36,201
36,202
36,203
36,204
36,205
36,206
36,208
36,209
36,210
36,212
36,213
36,214
36,215
36,216
36,217
36,218
36,219
36,221
36,222
36,223
36,224
36,226
36,227
36,228
36,229
36,230
36,231
36,232
36,233
36,235
36,236
36,237
36,238
36,239
36,242
36,244
36,245
36,247
36,248
36,249
36,251
36,252
36,253
36,254
36,256
36,257
36,258
36,259
36,260
36,262
36,263
36,264
36,265
36,266
36,267
36,269
36,270
36,271
36,272
36,273
36,274
36,275
36,286
36,287
36,288
36,289
36,290
36,291
36,292
36,293
36,296
36,297
36,298
36,299
36,300
36,301
36,302
36,303
36,305
36,307
36,308
36,309
36,310
36,311
36,312
36,313
36,314
36,316
36,317
36,319
36,320
36,321
36,322
36,323
36,324
36,325
36,326
36,328
36,329
36,330
36,332
36,333
36,334
36,335
36,336
36,337
36,338
36,339
36,341
36,342
36,343
36,344
36,346
36,347
36,348
36,349
36,350
36,351
36,352
36,353
36,355
36,356
36,357
36,358
36,359
37,121
37,123
37,125
37,126
37,128
37,129
37,130
37,132
37,133
37,134
37,135
37,137
37,138
37,139
37,140
37,141
37,143
37,144
37,145
37,146
37,147
37,148
37,150
37,151
37,152
37,153
37,154
37,155
37,165
37,167
37,168
37,169
37,170
37,171
37,172
37,173
37,175
37,177
37,178
37,179
37,180
37,181
37,182
37,183
37,185
37,186
37,188
37,189
37,190
37,191
37,192
37,193
37,194
37,196
37,197
37,198
37,200
37,201
37,202
37,203
37,204
37,205
37,206
37,208
37,209
37,210
37,211
37,213
37,214
37,215
37,216
37,217
37,218
37,219
37,221
37,222
37,223
37,224
37,225
37,227
37,228
37,229
37,230
37,231
37,232
37,233
37,235
37,236
37,237
37,238
37,239
37,241
37,243
37,245
37,246
37,248
37,249
37,250
37,252
37,253
37,254
37,255
37,257
37,258
37,259
37,260
37,261
37,263
37,264
37,265
37,266
37,267
37,268
37,270
37,271
37,272
37,273
37,274
37,275
37,285
37,287
37,288
37,289
37,290
37,291
37,292
37,293
37,295
37,297
37,298
37,299
37,300
37,301
37,302
37,303
37,305
37,306
37,308
37,309
37,310
37,311
37,312
37,313
37,314
37,316
37,317
37,318
37,320
37,321
37,322
37,323
37,324
37,325
37,326
37,328
37,329
37,330
37,331
37,333
37,334
37,335
37,336
37,337
37,338
37,339
37,341
37,342
37,343
37,344
37,345
37,347
37,348
37,349
37,350
37,351
37,352
37,353
37,355
37,356
37,357
37,358
37,359
38,120
38,123
38,124
38,126
38,127
38,129
38,130
38,131
38,133
38,134
38,135
38,136
38,138
38,139
38,140
38,141
38,142
38,144
38,145
38,146
38,147
38,148
38,149
38,151
38,152
38,153
38,154
38,155
38,165
38,166
38,168
38,169
38,170
38,171
38,172
38,173
38,175
38,176
38,178
38,179
38,180
38,181
38,182
38,183
38,185
38,186
38,187
38,189
38,190
38,191
38,192
38,193
38,194
38,196
38,197
38,198
38,199
38,201
38,202
38,203
38,204
38,205
38,206
38,208
38,209
38,210
38,211
38,212
38,214
38,215
38,216
38,217
38,218
38,219
38,221
38,222
38,223
38,224
38,225
38,226
38,228
38,229
38,230
38,231
38,232
38,233
38,235
38,236
38,237
38,238
38,239
38,240
38,243
38,244
38,246
38,247
38,249
38,250
38,251
38,253
38,254
38,255
38,256
38,258
38,259
38,260
38,261
38,262
38,264
38,265
38,266
38,267
38,268
38,269
38,271
38,272
38,273
38,274
38,275
38,285
38,286
38,288
38,289
38,290
38,291
38,292
38,293
38,295
38,296
38,298
38,299
38,300
38,301
38,302
38,303
38,305
38,306
38,307
38,309
38,310
38,311
38,312
38,313
38,314
38,316
38,317
38,318
38,319
38,321
38,322
38,323
38,324
38,325
38,326
38,328
38,329
38,330
38,331
38,332
38,334
38,335
38,336
38,337
38,338
38,339
38,341
38,342
38,343
38,344
38,345
38,346
38,348
38,349
38,350
38,351
38,352
38,353
38,355
38,356
38,357
38,358
38,359
39,120
39,121
39,122
39,126
39,127
39,128
39,130
39,131
39,132
39,134
39,135
39,136
39,137
39,139
39,140
39,141
39,142
39,143
39,145
39,146
39,147
39,148
39,149
39,150
39,152
39,153
39,154
39,155
39,165
39,166
39,167
39,169
39,170
39,171
39,172
39,173
39,175
39,176
39,177
39,179
39,180
39,181
39,182
39,183
39,185
39,186
39,187
39,188
39,190
39,191
39,192
39,193
39,194
39,196
39,197
39,198
39,199
39,200
39,202
39,203
39,204
39,205
39,206
39,208
39,209
39,210
39,211
39,212
39,213
39,215
39,216
39,217
39,218
39,219
39,221
39,222
39,223
39,224
39,225
39,226
39,227
39,229
39,230
39,231
39,232
39,233
39,235
39,236
39,237
39,238
39,239
39,240
39,241
39,242
39,246
39,247
39,248
39,250
39,251
39,252
39,254
39,255
39,256
39,257
39,259
39,260
39,261
39,262
39,263
39,265
39,266
39,267
39,268
39,269
39,270
39,272
39,273
39,274
39,275
39,285
39,286
39,287
39,289
39,290
39,291
39,292
39,293
39,295
39,296
39,297
39,299
39,300
39,301
39,302
39,303
39,305
39,306
39,307
39,308
39,310
39,311
39,312
39,313
39,314
39,316
39,317
39,318
39,319
39,320
39,322
39,323
39,324
39,325
39,326
39,328
39,329
39,330
39,331
39,332
39,333
39,335
39,336
39,337
39,338
39,339
39,341
39,342
39,343
39,344
39,345
39,346
39,347
39,349
39,350
39,351
39,352
39,353
39,355
39,356
39,357
39,358
39,359
40,120
40,121
40,122
40,123
40,124
40,125
40,130
40,131
40,132
40,133
40,135
40,136
40,137
40,138
40,140
40,141
40,142
40,143
40,144
40,146
40,147
40,148
40,149
40,150
40,151
40,153
40,154
40,155
40,165
40,166
40,167
40,168
40,170
40,171
40,172
40,173
40,175
40,176
40,177
40,178
40,180
40,181
40,182
40,183
40,185
40,186
40,187
40,188
40,189
40,191
40,192
40,193
40,194
40,196
40,197
40,198
40,199
40,200
40,201
40,203
40,204
40,205
40,206
40,208
40,209
40,210
40,211
40,212
40,213
40,214
40,216
40,217
40,218
40,219
40,221
40,222
40,223
40,224
40,225
40,226
40,227
40,228
40,230
40,231
40,232
40,233
40,235
40,236
40,237
40,238
40,239
40,240
40,241
40,242
40,243
40,244
40,245
40,250
40,251
40,252
40,253
40,255
40,256
40,257
40,258
40,260
40,261
40,262
40,263
40,264
40,266
40,267
40,268
40,269
40,270
40,271
40,273
40,274
40,275
40,285
40,286
40,287
40,288
40,290
40,291
40,292
40,293
40,295
40,296
40,297
40,298
40,300
40,301
40,302
40,303
40,305
40,306
40,307
40,308
40,309
40,311
40,312
40,313
40,314
40,316
40,317
40,318
40,319
40,320
40,321
40,323
40,324
40,325
40,326
40,328
40,329
40,330
40,331
40,332
40,333
40,334
40,336
40,337
40,338
40,339
40,341
40,342
40,343
40,344
40,345
40,346
40,347
40,348
40,350
40,351
40,352
40,353
40,355
40,356
40,357
40,358
40,359
41,120
41,121
41,122
41,123
41,124
41,125
41,126
41,127
41,128
41,129
41,135
41,136
41,137
41,138
41,139
41,141
41,142
41,143
41,144
41,145
41,147
41,148
41,149
41,150
41,151
41,152
41,154
41,155
41,165
41,166
41,167
41,168
41,169
41,171
41,172
41,173
41,175
41,176
41,177
41,178
41,179
41,181
41,182
41,183
41,185
41,186
41,187
41,188
41,189
41,190
41,192
41,193
41,194
41,196
41,197
41,198
41,199
41,200
41,201
41,202
41,204
41,205
41,206
41,208
41,209
41,210
41,211
41,212
41,213
41,214
41,215
41,217
41,218
41,219
41,221
41,222
41,223
41,224
41,225
41,226
41,227
41,228
41,229
41,231
41,232
41,233
41,235
41,236
41,237
41,238
41,239
41,240
41,241
41,242
41,243
41,244
41,245
41,246
41,247
41,248
41,249
41,255
41,256
41,257
41,258
41,259
41,261
41,262
41,263
41,264
41,265
41,267
41,268
41,269
41,270
41,271
41,272
41,274
41,275
41,285
41,286
41,287
41,288
41,289
41,291
41,292
41,293
41,295
41,296
41,297
41,298
41,299
41,301
41,302
41,303
41,305
41,306
41,307
41,308
41,309
41,310
41,312
41,313
41,314
41,316
41,317
41,318
41,319
41,320
41,321
41,322
41,324
41,325
41,326
41,328
41,329
41,330
41,331
41,332
41,333
41,334
41,335
41,337
41,338
41,339
41,341
41,342
41,343
41,344
41,345
41,346
41,347
41,348
41,349
41,351
41,352
41,353
41,355
41,356
41,357
41,358
41,359
42,120
42,121
42,122
42,123
42,124
42,125
42,126
42,127
42,128
42,129
42,130
42,131
42,132
42,133
42,134
42,141
42,142
42,143
42,144
42,145
42,146
42,148
42,149
42,150
42,151
42,152
42,153
42,155
42,165
42,166
42,167
42,168
42,169
42,170
42,172
42,173
42,175
42,176
42,177
42,178
42,179
42,180
42,182
42,183
42,185
42,186
42,187
42,188
42,189
42,190
42,191
42,193
42,194
42,196
42,197
42,198
42,199
42,200
42,201
42,202
42,203
42,205
42,206
42,208
42,209
42,210
42,211
42,212
42,213
42,214
42,215
42,216
42,218
42,219
42,221
42,222
42,223
42,224
42,225
42,226
42,227
42,228
42,229
42,230
42,232
42,233
42,235
42,236
42,237
42,238
42,239
42,240
42,241
42,242
42,243
42,244
42,245
42,246
42,247
42,248
42,249
42,250
42,251
42,252
42,253
42,254
42,261
42,262
42,263
42,264
42,265
42,266
42,268
42,269
42,270
42,271
42,272
42,273
42,275
42,285
42,286
42,287
42,288
42,289
42,290
42,292
42,293
42,295
42,296
42,297
42,298
42,299
42,300
42,302
42,303
42,305
42,306
42,307
42,308
42,309
42,310
42,311
42,313
42,314
42,316
42,317
42,318
42,319
42,320
42,321
42,322
42,323
42,325
42,326
42,328
42,329
42,330
42,331
42,332
42,333
42,334
42,335
42,336
42,338
42,339
42,341
42,342
42,343
42,344
42,345
42,346
42,347
42,348
42,349
42,350
42,352
42,353
42,355
42,356
42,357
42,358
42,359
43,120
43,121
43,122
43,123
43,124
43,125
43,126
43,127
43,128
43,129
43,130
43,131
43,132
43,133
43,134
43,135
43,136
43,137
43,138
43,139
43,140
43,148
43,149
43,150
43,151
43,152
43,153
43,154
43,165
43,166
43,167
43,168
43,169
43,170
43,171
43,173
43,175
43,176
43,177
43,178
43,179
43,180
43,181
43,183
43,185
43,186
43,187
43,188
43,189
43,190
43,191
43,192
43,194
43,196
43,197
43,198
43,199
43,200
43,201
43,202
43,203
43,204
43,206
43,208
43,209
43,210
43,211
43,212
43,213
43,214
43,215
43,216
43,217
43,219
43,221
43,222
43,223
43,224
43,225
43,226
43,227
43,228
43,229
43,230
43,231
43,233
43,235
43,236
43,237
43,238
43,239
43,240
43,241
43,242
43,243
43,244
43,245
43,246
43,247
43,248
43,249
43,250
43,251
43,252
43,253
43,254
43,255
43,256
43,257
43,258
43,259
43,260
43,268
43,269
43,270
43,271
43,272
43,273
43,274
43,285
43,286
43,287
43,288
43,289
43,290
43,291
43,293
43,295
43,296
43,297
43,298
43,299
43,300
43,301
43,303
43,305
43,306
43,307
43,308
43,309
43,310
43,311
43,312
43,314
43,316
43,317
43,318
43,319
43,320
43,321
43,322
43,323
43,324
43,326
43,328
43,329
43,330
43,331
43,332
43,333
43,334
43,335
43,336
43,337
43,339
43,341
43,342
43,343
43,344
43,345
43,346
43,347
43,348
43,349
43,350
43,351
43,353
43,355
43,356
43,357
43,358
43,359
44,120
44,121
44,122
44,123
44,124
44,125
44,126
44,127
44,128
44,129
44,130
44,131
44,132
44,133
44,134
44,135
44,136
44,137
44,138
44,139
44,140
44,141
44,142
44,143
44,144
44,145
44,146
44,147
44,165
44,166
44,167
44,168
44,169
44,170
44,171
44,172
44,175
44,176
44,177
44,178
44,179
44,180
44,181
44,182
44,185
44,186
44,187
44,188
44,189
44,190
44,191
44,192
44,193
44,196
44,197
44,198
44,199
44,200
44,201
44,202
44,203
44,204
44,205
44,208
44,209
44,210
44,211
44,212
44,213
44,214
44,215
44,216
44,217
44,218
44,221
44,222
44,223
44,224
44,225
44,226
44,227
44,228
44,229
44,230
44,231
44,232
44,235
44,236
44,237
44,238
44,239
44,240
44,241
44,242
44,243
44,244
44,245
44,246
44,247
44,248
44,249
44,250
44,251
44,252
44,253
44,254
44,255
44,256
44,257
44,258
44,259
44,260
44,261
44,262
44,263
44,264
44,265
44,266
44,267
44,285
44,286
44,287
44,288
44,289
44,290
44,291
44,292
44,295
44,296
44,297
44,298
44,299
44,300
44,301
44,302
44,305
44,306
44,307
44,308
44,309
44,310
44,311
44,312
44,313
44,316
44,317
44,318
44,319
44,320
44,321
44,322
44,323
44,324
44,325
44,328
44,329
44,330
44,331
44,332
44,333
44,334
44,335
44,336
44,337
44,338
44,341
44,342
44,343
44,344
44,345
44,346
44,347
44,348
44,349
44,350
44,351
44,352
44,355
44,356
44,357
44,358
44,359
45,122
45,124
45,125
45,127
45,128
45,129
45,131
45,132
45,133
45,134
45,136
45,137
45,138
45,139
45,140
45,142
45,143
45,144
45,145
45,146
45,147
45,149
45,150
45,151
45,152
45,153
45,154
45,155
45,157
45,158
45,159
45,160
45,161
45,162
45,163
45,164
45,176
45,177
45,178
45,179
45,180
45,181
45,182
45,183
45,184
45,187
45,188
45,189
45,190
45,191
45,192
45,193
45,194
45,195
45,197
45,199
45,200
45,201
45,202
45,203
45,204
45,205
45,206
45,207
45,209
45,210
45,212
45,213
45,214
45,215
45,216
45,217
45,218
45,219
45,220
45,222
45,223
45,224
45,226
45,227
45,228
45,229
45,230
45,231
45,232
45,233
45,234
45,236
45,237
45,238
45,239
45,242
45,244
45,245
45,247
45,248
45,249
45,251
45,252
45,253
45,254
45,256
45,257
45,258
45,259
45,260
45,262
45,263
45,264
45,265
45,266
45,267
45,269
45,270
45,271
45,272
45,273
45,274
45,275
45,277
45,278
45,279
45,280
45,281
45,282
45,283
45,284
45,296
45,297
45,298
45,299
45,300
45,301
45,302
45,303
45,304
45,307
45,308
45,309
45,310
45,311
45,312
45,313
45,314
45,315
45,317
45,319
45,320
45,321
45,322
45,323
45,324
45,325
45,326
45,327
45,329
45,330
45,332
45,333
45,334
45,335
45,336
45,337
45,338
45,339
45,340
45,342
45,343
45,344
45,346
45,347
45,348
45,349
45,350
45,351
45,352
45,353
45,354
45,356
45,357
45,358
45,359
46,121
46,123
46,125
46,126
46,128
46,129
46,130
46,132
46,133
46,134
46,135
46,137
46,138
46,139
46,140
46,141
46,143
46,144
46,145
46,146
46,147
46,148
46,150
46,151
46,152
46,153
46,154
46,155
46,156
46,158
46,159
46,160
46,161
46,162
46,163
46,164
46,175
46,177
46,178
46,179
46,180
46,181
46,182
46,183
46,184
46,186
46,188
46,189
46,190
46,191
46,192
46,193
46,194
46,195
46,197
46,198
46,200
46,201
46,202
46,203
46,204
46,205
46,206
46,207
46,209
46,210
46,211
46,213
46,214
46,215
46,216
46,217
46,218
46,219
46,220
46,222
46,223
46,224
46,225
46,227
46,228
46,229
46,230
46,231
46,232
46,233
46,234
46,236
46,237
46,238
46,239
46,241
46,243
46,245
46,246
46,248
46,249
46,250
46,252
46,253
46,254
46,255
46,257
46,258
46,259
46,260
46,261
46,263
46,264
46,265
46,266
46,267
46,268
46,270
46,271
46,272
46,273
46,274
46,275
46,276
46,278
46,279
46,280
46,281
46,282
46,283
46,284
46,295
46,297
46,298
46,299
46,300
46,301
46,302
46,303
46,304
46,306
46,308
46,309
46,310
46,311
46,312
46,313
46,314
46,315
46,317
46,318
46,320
46,321
46,322
46,323
46,324
46,325
46,326
46,327
46,329
46,330
46,331
46,333
46,334
46,335
46,336
46,337
46,338
46,339
46,340
46,342
46,343
46,344
46,345
46,347
46,348
46,349
46,350
46,351
46,352
46,353
46,354
46,356
46,357
46,358
46,359
47,120
47,123
47,124
47,126
47,127
47,129
47,130
47,131
47,133
47,134
47,135
47,136
47,138
47,139
47,140
47,141
47,142
47,144
47,145
47,146
47,147
47,148
47,149
47,151
47,152
47,153
47,154
47,155
47,156
47,157
47,159
47,160
47,161
47,162
47,163
47,164
47,175
47,176
47,178
47,179
47,180
47,181
47,182
47,183
47,184
47,186
47,187
47,189
47,190
47,191
47,192
47,193
47,194
47,195
47,197
47,198
47,199
47,201
47,202
47,203
47,204
47,205
47,206
47,207
47,209
47,210
47,211
47,212
47,214
47,215
47,216
47,217
47,218
47,219
47,220
47,222
47,223
47,224
47,225
47,226
47,228
47,229
47,230
47,231
47,232
47,233
47,234
47,236
47,237
47,238
47,239
47,240
47,243
47,244
47,246
47,247
47,249
47,250
47,251
47,253
47,254
47,255
47,256
47,258
47,259
47,260
47,261
47,262
47,264
47,265
47,266
47,267
47,268
47,269
47,271
47,272
47,273
47,274
47,275
47,276
47,277
47,279
47,280
47,281
47,282
47,283
47,284
47,295
47,296
47,298
47,299
47,300
47,301
47,302
47,303
47,304
47,306
47,307
47,309
47,310
47,311
47,312
47,313
47,314
47,315
47,317
47,318
47,319
47,321
47,322
47,323
47,324
47,325
47,326
47,327
47,329
47,330
47,331
47,332
47,334
47,335
47,336
47,337
47,338
47,339
47,340
47,342
47,343
47,344
47,345
47,346
47,348
47,349
47,350
47,351
47,352
47,353
47,354
47,356
47,357
47,358
47,359
48,120
48,121
48,122
48,126
48,127
48,128
48,130
48,131
48,132
48,134
48,135
48,136
48,137
48,139
48,140
48,141
48,142
48,143
48,145
48,146
48,147
48,148
48,149
48,150
48,152
48,153
48,154
48,155
48,156
48,157
48,158
48,160
48,161
48,162
48,163
48,164
48,175
48,176
48,177
48,179
48,180
48,181
48,182
48,183
48,184
48,186
48,187
48,188
48,190
48,191
48,192
48,193
48,194
48,195
48,197
48,198
48,199
48,200
48,202
48,203
48,204
48,205
48,206
48,207
48,209
48,210
48,211
48,212
48,213
48,215
48,216
48,217
48,218
48,219
48,220
48,222
48,223
48,224
48,225
48,226
48,227
48,229
48,230
48,231
48,232
48,233
48,234
48,236
48,237
48,238
48,239
48,240
48,241
48,242
48,246
48,247
48,248
48,250
48,251
48,252
48,254
48,255
48,256
48,257
48,259
48,260
48,261
48,262
48,263
48,265
48,266
48,267
48,268
48,269
48,270
48,272
48,273
48,274
48,275
48,276
48,277
48,278
48,280
48,281
48,282
48,283
48,284
48,295
48,296
48,297
48,299
48,300
48,301
48,302
48,303
48,304
48,306
48,307
48,308
48,310
48,311
48,312
48,313
48,314
48,315
48,317
48,318
48,319
48,320
48,322
48,323
48,324
48,325
48,326
48,327
48,329
48,330
48,331
48,332
48,333
48,335
48,336
48,337
48,338
48,339
48,340
48,342
48,343
48,344
48,345
48,346
48,347
48,349
48,350
48,351
48,352
48,353
48,354
48,356
48,357
48,358
48,359
49,120
49,121
49,122
49,123
49,124
49,125
49,130
49,131
49,132
49,133
49,135
49,136
49,137
49,138
49,140
49,141
49,142
49,143
49,144
49,146
49,147
49,148
49,149
49,150
49,151
49,153
49,154
49,155
49,156
49,157
49,158
49,159
49,161
49,162
49,163
49,164
49,175
49,176
49,177
49,178
49,180
49,181
49,182
49,183
49,184
49,186
49,187
49,188
49,189
49,191
49,192
49,193
49,194
49,195
49,197
49,198
49,199
49,200
49,201
49,203
49,204
49,205
49,206
49,207
49,209
49,210
49,211
49,212
49,213
49,214
49,216
49,217
49,218
49,219
49,220
49,222
49,223
49,224
49,225
49,226
49,227
49,228
49,230
49,231
49,232
49,233
49,234
49,236
49,237
49,238
49,239
49,240
49,241
49,242
49,243
49,244
49,245
49,250
49,251
49,252
49,253
49,255
49,256
49,257
49,258
49,260
49,261
49,262
49,263
49,264
49,266
49,267
49,268
49,269
49,270
49,271
49,273
49,274
49,275
49,276
49,277
49,278
49,279
49,281
49,282
49,283
49,284
49,295
49,296
49,297
49,298
49,300
49,301
49,302
49,303
49,304
49,306
49,307
49,308
49,309
49,311
49,312
49,313
49,314
49,315
49,317
49,318
49,319
49,320
49,321
49,323
49,324
49,325
49,326
49,327
49,329
49,330
49,331
49,332
49,333
49,334
49,336
49,337
49,338
49,339
49,340
49,342
49,343
49,344
49,345
49,346
49,347
49,348
49,350
49,351
49,352
49,353
49,354
49,356
49,357
49,358
49,359
50,120
50,121
50,122
50,123
50,124
50,125
50,126
50,127
50,128
50,129
50,135
50,136
50,137
50,138
50,139
50,141
50,142
50,143
50,144
50,145
50,147
50,148
50,149
50,150
50,151
50,152
50,154
50,155
50,156
50,157
50,158
50,159
50,160
50,162
50,163
50,164
50,175
50,176
50,177
50,178
50,179
50,181
50,182
50,183
50,184
50,186
50,187
50,188
50,189
50,190
50,192
50,193
50,194
50,195
50,197
50,198
50,199
50,200
50,201
50,202
50,204
50,205
50,206
50,207
50,209
50,210
50,211
50,212
50,213
50,214
50,215
50,217
50,218
50,219
50,220
50,222
50,223
50,224
50,225
50,226
50,227
50,228
50,229
50,231
50,232
50,233
50,234
50,236
50,237
50,238
50,239
50,240
50,241
50,242
50,243
50,244
50,245
50,246
50,247
50,248
50,249
50,255
50,256
50,257
50,258
50,259
50,261
50,262
50,263
50,264
50,265
50,267
50,268
50,269
50,270
50,271
50,272
50,274
50,275
50,276
50,277
50,278
50,279
50,280
50,282
50,283
50,284
50,295
50,296
50,297
50,298
50,299
50,301
50,302
50,303
50,304
50,306
50,307
50,308
50,309
50,310
50,312
50,313
50,314
50,315
50,317
50,318
50,319
50,320
50,321
50,322
50,324
50,325
50,326
50,327
50,329
50,330
50,331
50,332
50,333
50,334
50,335
50,337
50,338
50,339
50,340
50,342
50,343
50,344
50,345
50,346
50,347
50,348
50,349
50,351
50,352
50,353
50,354
50,356
50,357
50,358
50,359
51,120
51,121
51,122
51,123
51,124
51,125
51,126
51,127
51,128
51,129
51,130
51,131
51,132
51,133
51,134
51,141
51,142
51,143
51,144
51,145
51,146
51,148
51,149
51,150
51,151
51,152
51,153
51,155
51,156
51,157
51,158
51,159
51,160
51,161
51,163
51,164
51,175
51,176
51,177
51,178
51,179
51,180
51,182
51,183
51,184
51,186
51,187
51,188
51,189
51,190
51,191
51,193
51,194
51,195
51,197
51,198
51,199
51,200
51,201
51,202
51,203
51,205
51,206
51,207
51,209
51,210
51,211
51,212
51,213
51,214
51,215
51,216
51,218
51,219
51,220
51,222
51,223
51,224
51,225
51,226
51,227
51,228
51,229
51,230
51,232
51,233
51,234
51,236
51,237
51,238
51,239
51,240
51,241
51,242
51,243
51,244
51,245
51,246
51,247
51,248
51,249
51,250
51,251
51,252
51,253
51,254
51,261
51,262
51,263
51,264
51,265
51,266
51,268
51,269
51,270
51,271
51,272
51,273
51,275
51,276
51,277
51,278
51,279
51,280
51,281
51,283
51,284
51,295
51,296
51,297
51,298
51,299
51,300
51,302
51,303
51,304
51,306
51,307
51,308
51,309
51,310
51,311
51,313
51,314
51,315
51,317
51,318
51,319
51,320
51,321
51,322
51,323
51,325
51,326
51,327
51,329
51,330
51,331
51,332
51,333
51,334
51,335
51,336
51,338
51,339
51,340
51,342
51,343
51,344
51,345
51,346
51,347
51,348
51,349
51,350
51,352
51,353
51,354
51,356
51,357
51,358
51,359
52,120
52,121
52,122
52,123
52,124
52,125
52,126
52,127
52,128
52,129
52,130
52,131
52,132
52,133
52,134
52,135
52,136
52,137
52,138
52,139
52,140
52,148
52,149
52,150
52,151
52,152
52,153
52,154
52,156
52,157
52,158
52,159
52,160
52,161
52,162
52,164
52,175
52,176
52,177
52,178
52,179
52,180
52,181
52,183
52,184
52,186
52,187
52,188
52,189
52,190
52,191
52,192
52,194
52,195
52,197
52,198
52,199
52,200
52,201
52,202
52,203
52,204
52,206
52,207
52,209
52,210
52,211
52,212
52,213
52,214
52,215
52,216
52,217
52,219
52,220
52,222
52,223
52,224
52,225
52,226
52,227
52,228
52,229
52,230
52,231
52,233
52,234
52,236
52,237
52,238
52,239
52,240
52,241
52,242
52,243
52,244
52,245
52,246
52,247
52,248
52,249
52,250
52,251
52,252
52,253
52,254
52,255
52,256
52,257
52,258
52,259
52,260
52,268
52,269
52,270
52,271
52,272
52,273
52,274
52,276
52,277
52,278
52,279
52,280
52,281
52,282
52,284
52,295
52,296
52,297
52,298
52,299
52,300
52,301
52,303
52,304
52,306
52,307
52,308
52,309
52,310
52,311
52,312
52,314
52,315
52,317
52,318
52,319
52,320
52,321
52,322
52,323
52,324
52,326
52,327
52,329
52,330
52,331
52,332
52,333
52,334
52,335
52,336
52,337
52,339
52,340
52,342
52,343
52,344
52,345
52,346
52,347
52,348
52,349
52,350
52,351
52,353
52,354
52,356
52,357
52,358
52,359
53,120
53,121
53,122
53,123
53,124
53,125
53,126
53,127
53,128
53,129
53,130
53,131
53,132
53,133
53,134
53,135
53,136
53,137
53,138
53,139
53,140
53,141
53,142
53,143
53,144
53,145
53,146
53,147
53,156
53,157
53,158
53,159
53,160
53,161
53,162
53,163
53,175
53,176
53,177
53,178
53,179
53,180
53,181
53,182
53,184
53,186
53,187
53,188
53,189
53,190
53,191
53,192
53,193
53,195
53,197
53,198
53,199
53,200
53,201
53,202
53,203
53,204
53,205
53,207
53,209
53,210
53,211
53,212
53,213
53,214
53,215
53,216
53,217
53,218
53,220
53,222
53,223
53,224
53,225
53,226
53,227
53,228
53,229
53,230
53,231
53,232
53,234
53,236
53,237
53,238
53,239
53,240
53,241
53,242
53,243
53,244
53,245
53,246
53,247
53,248
53,249
53,250
53,251
53,252
53,253
53,254
53,255
53,256
53,257
53,258
53,259
53,260
53,261
53,262
53,263
53,264
53,265
53,266
53,267
53,276
53,277
53,278
53,279
53,280
53,281
53,282
53,283
53,295
53,296
53,297
53,298
53,299
53,300
53,301
53,302
53,304
53,306
53,307
53,308
53,309
53,310
53,311
53,312
53,313
53,315
53,317
53,318
53,319
53,320
53,321
53,322
53,323
53,324
53,325
53,327
53,329
53,330
53,331
53,332
53,333
53,334
53,335
53,336
53,337
53,338
53,340
53,342
53,343
53,344
53,345
53,346
53,347
53,348
53,349
53,350
53,351
53,352
53,354
53,356
53,357
53,358
53,359
54,120
54,121
54,122
54,123
54,124
54,125
54,126
54,127
54,128
54,129
54,130
54,131
54,132
54,133
54,134
54,135
54,136
54,137
54,138
54,139
54,140
54,141
54,142
54,143
54,144
54,145
54,146
54,147
54,148
54,149
54,150
54,151
54,152
54,153
54,154
54,155
54,175
54,176
54,177
54,178
54,179
54,180
54,181
54,182
54,183
54,186
54,187
54,188
54,189
54,190
54,191
54,192
54,193
54,194
54,197
54,198
54,199
54,200
54,201
54,202
54,203
54,204
54,205
54,206
54,209
54,210
54,211
54,212
54,213
54,214
54,215
54,216
54,217
54,218
54,219
54,222
54,223
54,224
54,225
54,226
54,227
54,228
54,229
54,230
54,231
54,232
54,233
54,236
54,237
54,238
54,239
54,240
54,241
54,242
54,243
54,244
54,245
54,246
54,247
54,248
54,249
54,250
54,251
54,252
54,253
54,254
54,255
54,256
54,257
54,258
54,259
54,260
54,261
54,262
54,263
54,264
54,265
54,266
54,267
54,268
54,269
54,270
54,271
54,272
54,273
54,274
54,275
54,295
54,296
54,297
54,298
54,299
54,300
54,301
54,302
54,303
54,306
54,307
54,308
54,309
54,310
54,311
54,312
54,313
54,314
54,317
54,318
54,319
54,320
54,321
54,322
54,323
54,324
54,325
54,326
54,329
54,330
54,331
54,332
54,333
54,334
54,335
54,336
54,337
54,338
54,339
54,342
54,343
54,344
54,345
54,346
54,347
54,348
54,349
54,350
54,351
54,352
54,353
54,356
54,357
54,358
54,359
55,122
55,124
55,125
55,127
55,128
55,129
55,131
55,132
55,133
55,134
55,136
55,137
55,138
55,139
55,140
55,142
55,143
55,144
55,145
55,146
55,147
55,149
55,150
55,151
55,152
55,153
55,154
55,155
55,157
55,158
55,159
55,160
55,161
55,162
55,163
55,164
55,166
55,167
55,168
55,169
55,170
55,171
55,172
55,173
55,174
55,187
55,188
55,189
55,190
55,191
55,192
55,193
55,194
55,195
55,196
55,199
55,200
55,201
55,202
55,203
55,204
55,205
55,206
55,207
55,208
55,210
55,212
55,213
55,214
55,215
55,216
55,217
55,218
55,219
55,220
55,221
55,223
55,224
55,226
55,227
55,228
55,229
55,230
55,231
55,232
55,233
55,234
55,235
55,237
55,238
55,239
55,242
55,244
55,245
55,247
55,248
55,249
55,251
55,252
55,253
55,254
55,256
55,257
55,258
55,259
55,260
55,262
55,263
55,264
55,265
55,266
55,267
55,269
55,270
55,271
55,272
55,273
55,274
55,275
55,277
55,278
55,279
55,280
55,281
55,282
55,283
55,284
55,286
55,287
55,288
55,289
55,290
55,291
55,292
55,293
55,294
55,307
55,308
55,309
55,310
55,311
55,312
55,313
55,314
55,315
55,316
55,319
55,320
55,321
55,322
55,323
55,324
55,325
55,326
55,327
55,328
55,330
55,332
55,333
55,334
55,335
55,336
55,337
55,338
55,339
55,340
55,341
55,343
55,344
55,346
55,347
55,348
55,349
55,350
55,351
55,352
55,353
55,354
55,355
55,357
55,358
55,359
56,121
56,123
56,125
56,126
56,128
56,129
56,130
56,132
56,133
56,134
56,135
56,137
56,138
56,139
56,140
56,141
56,143
56,144
56,145
56,146
56,147
56,148
56,150
56,151
56,152
56,153
56,154
56,155
56,156
56,158
56,159
56,160
56,161
56,162
56,163
56,164
56,165
56,167
56,168
56,169
56,170
56,171
56,172
56,173
56,174
56,186
56,188
56,189
56,190
56,191
56,192
56,193
56,194
56,195
56,196
56,198
56,200
56,201
56,202
56,203
56,204
56,205
56,206
56,207
56,208
56,210
56,211
56,213
56,214
56,215
56,216
56,217
56,218
56,219
56,220
56,221
56,223
56,224
56,225
56,227
56,228
56,229
56,230
56,231
56,232
56,233
56,234
56,235
56,237
56,238
56,239
56,241
56,243
56,245
56,246
56,248
56,249
56,250
56,252
56,253
56,254
56,255
56,257
56,258
56,259
56,260
56,261
56,263
56,264
56,265
56,266
56,267
56,268
56,270
56,271
56,272
56,273
56,274
56,275
56,276
56,278
56,279
56,280
56,281
56,282
56,283
56,284
56,285
56,287
56,288
56,289
56,290
56,291
56,292
56,293
56,294
56,306
56,308
56,309
56,310
56,311
56,312
56,313
56,314
56,315
56,316
56,318
56,320
56,321
56,322
56,323
56,324
56,325
56,326
56,327
56,328
56,330
56,331
56,333
56,334
56,335
56,336
56,337
56,338
56,339
56,340
56,341
56,343
56,344
56,345
56,347
56,348
56,349
56,350
56,351
56,352
56,353
56,354
56,355
56,357
56,358
56,359
57,120
57,123
57,124
57,126
57,127
57,129
57,130
57,131
57,133
57,134
57,135
57,136
57,138
57,139
57,140
57,141
57,142
57,144
57,145
57,146
57,147
57,148
57,149
57,151
57,152
57,153
57,154
57,155
57,156
57,157
57,159
57,160
57,161
57,162
57,163
57,164
57,165
57,166
57,168
57,169
57,170
57,171
57,172
57,173
57,174
57,186
57,187
57,189
57,190
57,191
57,192
57,193
57,194
57,195
57,196
57,198
57,199
57,201
57,202
57,203
57,204
57,205
57,206
57,207
57,208
57,210
57,211
57,212
57,214
57,215
57,216
57,217
57,218
57,219
57,220
57,221
57,223
57,224
57,225
57,226
57,228
57,229
57,230
57,231
57,232
57,233
57,234
57,235
57,237
57,238
57,239
57,240
57,243
57,244
57,246
57,247
57,249
57,250
57,251
57,253
57,254
57,255
57,256
57,258
57,259
57,260
57,261
57,262
57,264
57,265
57,266
57,267
57,268
57,269
57,271
57,272
57,273
57,274
57,275
57,276
57,277
57,279
57,280
57,281
57,282
57,283
57,284
57,285
57,286
57,288
57,289
57,290
57,291
57,292
57,293
57,294
57,306
57,307
57,309
57,310
57,311
57,312
57,313
57,314
57,315
57,316
57,318
57,319
57,321
57,322
57,323
57,324
57,325
57,326
57,327
57,328
57,330
57,331
57,332
57,334
57,335
57,336
57,337
57,338
57,339
57,340
57,341
57,343
57,344
57,345
57,346
57,348
57,349
57,350
57,351
57,352
57,353
57,354
57,355
57,357
57,358
57,359
58,120
58,121
58,122
58,126
58,127
58,128
58,130
58,131
58,132
58,134
58,135
58,136
58,137
58,139
58,140
58,141
58,142
58,143
58,145
58,146
58,147
58,148
58,149
58,150
58,152
58,153
58,154
58,155
58,156
58,157
58,158
58,160
58,161
58,162
58,163
58,164
58,165
58,166
58,167
58,169
58,170
58,171
58,172
58,173
58,174
58,186
58,187
58,188
58,190
58,191
58,192
58,193
58,194
58,195
58,196
58,198
58,199
58,200
58,202
58,203
58,204
58,205
58,206
58,207
58,208
58,210
58,211
58,212
58,213
58,215
58,216
58,217
58,218
58,219
58,220
58,221
58,223
58,224
58,225
58,226
58,227
58,229
58,230
58,231
58,232
58,233
58,234
58,235
58,237
58,238
58,239
58,240
58,241
58,242
58,246
58,247
58,248
58,250
58,251
58,252
58,254
58,255
58,256
58,257
58,259
58,260
58,261
58,262
58,263
58,265
58,266
58,267
58,268
58,269
58,270
58,272
58,273
58,274
58,275
58,276
58,277
58,278
58,280
58,281
58,282
58,283
58,284
58,285
58,286
58,287
58,289
58,290
58,291
58,292
58,293
58,294
58,306
58,307
58,308
58,310
58,311
58,312
58,313
58,314
58,315
58,316
58,318
58,319
58,320
58,322
58,323
58,324
58,325
58,326
58,327
58,328
58,330
58,331
58,332
58,333
58,335
58,336
58,337
58,338
58,339
58,340
58,341
58,343
58,344
58,345
58,346
58,347
58,349
58,350
58,351
58,352
58,353
58,354
58,355
58,357
58,358
58,359
59,120
59,121
59,122
59,123
59,124
59,125
59,130
59,131
59,132
59,133
59,135
59,136
59,137
59,138
59,140
59,141
59,142
59,143
59,144
59,146
59,147
59,148
59,149
59,150
59,151
59,153
59,154
59,155
59,156
59,157
59,158
59,159
59,161
59,162
59,163
59,164
59,165
59,166
59,167
59,168
59,170
59,171
59,172
59,173
59,174
59,186
59,187
59,188
59,189
59,191
59,192
59,193
59,194
59,195
59,196
59,198
59,199
59,200
59,201
59,203
59,204
59,205
59,206
59,207
59,208
59,210
59,211
59,212
59,213
59,214
59,216
59,217
59,218
59,219
59,220
59,221
59,223
59,224
59,225
59,226
59,227
59,228
59,230
59,231
59,232
59,233
59,234
59,235
59,237
59,238
59,239
59,240
59,241
59,242
59,243
59,244
59,245
59,250
59,251
59,252
59,253
59,255
59,256
59,257
59,258
59,260
59,261
59,262
59,263
59,264
59,266
59,267
59,268
59,269
59,270
59,271
59,273
59,274
59,275
59,276
59,277
59,278
59,279
59,281
59,282
59,283
59,284
59,285
59,286
59,287
59,288
59,290
59,291
59,292
59,293
59,294
59,306
59,307
59,308
59,309
59,311
59,312
59,313
59,314
59,315
59,316
59,318
59,319
59,320
59,321
59,323
59,324
59,325
59,326
59,327
59,328
59,330
59,331
59,332
59,333
59,334
59,336
59,337
59,338
59,339
59,340
59,341
59,343
59,344
59,345
59,346
59,347
59,348
59,350
59,351
59,352
59,353
59,354
59,355
59,357
59,358
59,359
60,120
60,121
60,122
60,123
60,124
60,125
60,126
60,127
60,128
60,129
60,135
60,136
60,137
60,138
60,139
60,141
60,142
60,143
60,144
60,145
60,147
60,148
60,149
60,150
60,151
60,152
60,154
60,155
60,156
60,157
60,158
60,159
60,160
60,162
60,163
60,164
60,165
60,166
60,167
60,168
60,169
60,171
60,172
60,173
60,174
60,186
60,187
60,188
60,189
60,190
60,192
60,193
60,194
60,195
60,196
60,198
60,199
60,200
60,201
60,202
60,204
60,205
60,206
60,207
60,208
60,210
60,211
60,212
60,213
60,214
60,215
60,217
60,218
60,219
60,220
60,221
60,223
60,224
60,225
60,226
60,227
60,228
60,229
60,231
60,232
60,233
60,234
60,235
60,237
60,238
60,239
60,240
60,241
60,242
60,243
60,244
60,245
60,246
60,247
60,248
60,249
60,255
60,256
60,257
60,258
60,259
60,261
60,262
60,263
60,264
60,265
60,267
60,268
60,269
60,270
60,271
60,272
60,274
60,275
60,276
60,277
60,278
60,279
60,280
60,282
60,283
60,284
60,285
60,286
60,287
60,288
60,289
60,291
60,292
60,293
60,294
60,306
60,307
60,308
60,309
60,310
60,312
60,313
60,314
60,315
60,316
60,318
60,319
60,320
60,321
60,322
60,324
60,325
60,326
60,327
60,328
60,330
60,331
60,332
60,333
60,334
60,335
60,337
60,338
60,339
60,340
60,341
60,343
60,344
60,345
60,346
60,347
60,348
60,349
60,351
60,352
60,353
60,354
60,355
60,357
60,358
60,359
61,120
61,121
61,122
61,123
61,124
61,125
61,126
61,127
61,128
61,129
61,130
61,131
61,132
61,133
61,134
61,141
61,142
61,143
61,144
61,145
61,146
61,148
61,149
61,150
61,151
61,152
61,153
61,155
61,156
61,157
61,158
61,159
61,160
61,161
61,163
61,164
61,165
61,166
61,167
61,168
61,169
61,170
61,172
61,173
61,174
61,186
61,187
61,188
61,189
61,190
61,191
61,193
61,194
61,195
61,196
61,198
61,199
61,200
61,201
61,202
61,203
61,205
61,206
61,207
61,208
61,210
61,211
61,212
61,213
61,214
61,215
61,216
61,218
61,219
61,220
61,221
61,223
61,224
61,225
61,226
61,227
61,228
61,229
61,230
61,232
61,233
61,234
61,235
61,237
61,238
61,239
61,240
61,241
61,242
61,243
61,244
61,245
61,246
61,247
61,248
61,249
61,250
61,251
61,252
61,253
61,254
61,261
61,262
61,263
61,264
61,265
61,266
61,268
61,269
61,270
61,271
61,272
61,273
61,275
61,276
61,277
61,278
61,279
61,280
61,281
61,283
61,284
61,285
61,286
61,287
61,288
61,289
61,290
61,292
61,293
61,294
61,306
61,307
61,308
61,309
61,310
61,311
61,313
61,314
61,315
61,316
61,318
61,319
61,320
61,321
61,322
61,323
61,325
61,326
61,327
61,328
61,330
61,331
61,332
61,333
61,334
61,335
61,336
61,338
61,339
61,340
61,341
61,343
61,344
61,345
61,346
61,347
61,348
61,349
61,350
61,352
61,353
61,354
61,355
61,357
61,358
61,359
62,120
62,121
62,122
62,123
62,124
62,125
62,126
62,127
62,128
62,129
62,130
62,131
62,132
62,133
62,134
62,135
62,136
62,137
62,138
62,139
62,140
62,148
62,149
62,150
62,151
62,152
62,153
62,154
62,156
62,157
62,158
62,159
62,160
62,161
62,162
62,164
62,165
62,166
62,167
62,168
62,169
62,170
62,171
62,173
62,174
62,186
62,187
62,188
62,189
62,190
62,191
62,192
62,194
62,195
62,196
62,198
62,199
62,200
62,201
62,202
62,203
62,204
62,206
62,207
62,208
62,210
62,211
62,212
62,213
62,214
62,215
62,216
62,217
62,219
62,220
62,221
62,223
62,224
62,225
62,226
62,227
62,228
62,229
62,230
62,231
62,233
62,234
62,235
62,237
62,238
62,239
62,240
62,241
62,242
62,243
62,244
62,245
62,246
62,247
62,248
62,249
62,250
62,251
62,252
62,253
62,254
62,255
62,256
62,257
62,258
62,259
62,260
62,268
62,269
62,270
62,271
62,272
62,273
62,274
62,276
62,277
62,278
62,279
62,280
62,281
62,282
62,284
62,285
62,286
62,287
62,288
62,289
62,290
62,291
62,293
62,294
62,306
62,307
62,308
62,309
62,310
62,311
62,312
62,314
62,315
62,316
62,318
62,319
62,320
62,321
62,322
62,323
62,324
62,326
62,327
62,328
62,330
62,331
62,332
62,333
62,334
62,335
62,336
62,337
62,339
62,340
62,341
62,343
62,344
62,345
62,346
62,347
62,348
62,349
62,350
62,351
62,353
62,354
62,355
62,357
62,358
62,359
63,120
63,121
63,122
63,123
63,124
63,125
63,126
63,127
63,128
63,129
63,130
63,131
63,132
63,133
63,134
63,135
63,136
63,137
63,138
63,139
63,140
63,141
63,142
63,143
63,144
63,145
63,146
63,147
63,156
63,157
63,158
63,159
63,160
63,161
63,162
63,163
63,165
63,166
63,167
63,168
63,169
63,170
63,171
63,172
63,174
63,186
63,187
63,188
63,189
63,190
63,191
63,192
63,193
63,195
63,196
63,198
63,199
63,200
63,201
63,202
63,203
63,204
63,205
63,207
63,208
63,210
63,211
63,212
63,213
63,214
63,215
63,216
63,217
63,218
63,220
63,221
63,223
63,224
63,225
63,226
63,227
63,228
63,229
63,230
63,231
63,232
63,234
63,235
63,237
63,238
63,239
63,240
63,241
63,242
63,243
63,244
63,245
63,246
63,247
63,248
63,249
63,250
63,251
63,252
63,253
63,254
63,255
63,256
63,257
63,258
63,259
63,260
63,261
63,262
63,263
63,264
63,265
63,266
63,267
63,276
63,277
63,278
63,279
63,280
63,281
63,282
63,283
63,285
63,286
63,287
63,288
63,289
63,290
63,291
63,292
63,294
63,306
63,307
63,308
63,309
63,310
63,311
63,312
63,313
63,315
63,316
63,318
63,319
63,320
63,321
63,322
63,323
63,324
63,325
63,327
63,328
63,330
63,331
63,332
63,333
63,334
63,335
63,336
63,337
63,338
63,340
63,341
63,343
63,344
63,345
63,346
63,347
63,348
63,349
63,350
63,351
63,352
63,354
63,355
63,357
63,358
63,359
64,120
64,121
64,122
64,123
64,124
64,125
64,126
64,127
64,128
64,129
64,130
64,131
64,132
64,133
64,134
64,135
64,136
64,137
64,138
64,139
64,140
64,141
64,142
64,143
64,144
64,145
64,146
64,147
64,148
64,149
64,150
64,151
64,152
64,153
64,154
64,155
64,165
64,166
64,167
64,168
64,169
64,170
64,171
64,172
64,173
64,186
64,187
64,188
64,189
64,190
64,191
64,192
64,193
64,194
64,196
64,198
64,199
64,200
64,201
64,202
64,203
64,204
64,205
64,206
64,208
64,210
64,211
64,212
64,213
64,214
64,215
64,216
64,217
64,218
64,219
64,221
64,223
64,224
64,225
64,226
64,227
64,228
64,229
64,230
64,231
64,232
64,233
64,235
64,237
64,238
64,239
64,240
64,241
64,242
64,243
64,244
64,245
64,246
64,247
64,248
64,249
64,250
64,251
64,252
64,253
64,254
64,255
64,256
64,257
64,258
64,259
64,260
64,261
64,262
64,263
64,264
64,265
64,266
64,267
64,268
64,269
64,270
64,271
64,272
64,273
64,274
64,275
64,285
64,286
64,287
64,288
64,289
64,290
64,291
64,292
64,293
64,306
64,307
64,308
64,309
64,310
64,311
64,312
64,313
64,314
64,316
64,318
64,319
64,320
64,321
64,322
64,323
64,324
64,325
64,326
64,328
64,330
64,331
64,332
64,333
64,334
64,335
64,336
64,337
64,338
64,339
64,341
64,343
64,344
64,345
64,346
64,347
64,348
64,349
64,350
64,351
64,352
64,353
64,355
64,357
64,358
64,359
65,120
65,121
65,122
65,123
65,124
65,125
65,126
65,127
65,128
65,129
65,130
65,131
65,132
65,133
65,134
65,135
65,136
65,137
65,138
65,139
65,140
65,141
65,142
65,143
65,144
65,145
65,146
65,147
65,148
65,149
65,150
65,151
65,152
65,153
65,154
65,155
65,156
65,157
65,158
65,159
65,160
65,161
65,162
65,163
65,164
65,186
65,187
65,188
65,189
65,190
65,191
65,192
65,193
65,194
65,195
65,198
65,199
65,200
65,201
65,202
65,203
65,204
65,205
65,206
65,207
65,210
65,211
65,212
65,213
65,214
65,215
65,216
65,217
65,218
65,219
65,220
65,223
65,224
65,225
65,226
65,227
65,228
65,229
65,230
65,231
65,232
65,233
65,234
65,237
65,238
65,239
65,240
65,241
65,242
65,243
65,244
65,245
65,246
65,247
65,248
65,249
65,250
65,251
65,252
65,253
65,254
65,255
65,256
65,257
65,258
65,259
65,260
65,261
65,262
65,263
65,264
65,265
65,266
65,267
65,268
65,269
65,270
65,271
65,272
65,273
65,274
65,275
65,276
65,277
65,278
65,279
65,280
65,281
65,282
65,283
65,284
65,306
65,307
65,308
65,309
65,310
65,311
65,312
65,313
65,314
65,315
65,318
65,319
65,320
65,321
65,322
65,323
65,324
65,325
65,326
65,327
65,330
65,331
65,332
65,333
65,334
65,335
65,336
65,337
65,338
65,339
65,340
65,343
65,344
65,345
65,346
65,347
65,348
65,349
65,350
65,351
65,352
65,353
65,354
65,357
65,358
65,359
66,122
66,124
66,125
66,127
66,128
66,129
66,131
66,132
66,133
66,134
66,136
66,137
66,138
66,139
66,140
66,142
66,143
66,144
66,145
66,146
66,147
66,149
66,150
66,151
66,152
66,153
66,154
66,155
66,157
66,158
66,159
66,160
66,161
66,162
66,163
66,164
66,166
66,167
66,168
66,169
66,170
66,171
66,172
66,173
66,174
66,176
66,177
66,178
66,179
66,180
66,181
66,182
66,183
66,184
66,185
66,199
66,200
66,201
66,202
66,203
66,204
66,205
66,206
66,207
66,208
66,209
66,212
66,213
66,214
66,215
66,216
66,217
66,218
66,219
66,220
66,221
66,222
66,224
66,226
66,227
66,228
66,229
66,230
66,231
66,232
66,233
66,234
66,235
66,236
66,238
66,239
66,242
66,244
66,245
66,247
66,248
66,249
66,251
66,252
66,253
66,254
66,256
66,257
66,258
66,259
66,260
66,262
66,263
66,264
66,265
66,266
66,267
66,269
66,270
66,271
66,272
66,273
66,274
66,275
66,277
66,278
66,279
66,280
66,281
66,282
66,283
66,284
66,286
66,287
66,288
66,289
66,290
66,291
66,292
66,293
66,294
66,296
66,297
66,298
66,299
66,300
66,301
66,302
66,303
66,304
66,305
66,319
66,320
66,321
66,322
66,323
66,324
66,325
66,326
66,327
66,328
66,329
66,332
66,333
66,334
66,335
66,336
66,337
66,338
66,339
66,340
66,341
66,342
66,344
66,346
66,347
66,348
66,349
66,350
66,351
66,352
66,353
66,354
66,355
66,356
66,358
66,359
67,121
67,123
67,125
67,126
67,128
67,129
67,130
67,132
67,133
67,134
67,135
67,137
67,138
67,139
67,140
67,141
67,143
67,144
67,145
67,146
67,147
67,148
67,150
67,151
67,152
67,153
67,154
67,155
67,156
67,158
67,159
67,160
67,161
67,162
67,163
67,164
67,165
67,167
67,168
67,169
67,170
67,171
67,172
67,173
67,174
67,175
67,177
67,178
67,179
67,180
67,181
67,182
67,183
67,184
67,185
67,198
67,200
67,201
67,202
67,203
67,204
67,205
67,206
67,207
67,208
67,209
67,211
67,213
67,214
67,215
67,216
67,217
67,218
67,219
67,220
67,221
67,222
67,224
67,225
67,227
67,228
67,229
67,230
67,231
67,232
67,233
67,234
67,235
67,236
67,238
67,239
67,241
67,243
67,245
67,246
67,248
67,249
67,250
67,252
67,253
67,254
67,255
67,257
67,258
67,259
67,260
67,261
67,263
67,264
67,265
67,266
67,267
67,268
67,270
67,271
67,272
67,273
67,274
67,275
67,276
67,278
67,279
67,280
67,281
67,282
67,283
67,284
67,285
67,287
67,288
67,289
67,290
67,291
67,292
67,293
67,294
67,295
67,297
67,298
67,299
67,300
67,301
67,302
67,303
67,304
67,305
67,318
67,320
67,321
67,322
67,323
67,324
67,325
67,326
67,327
67,328
67,329
67,331
67,333
67,334
67,335
67,336
67,337
67,338
67,339
67,340
67,341
67,342
67,344
67,345
67,347
67,348
67,349
67,350
67,351
67,352
67,353
67,354
67,355
67,356
67,358
67,359
68,120
68,123
68,124
68,126
68,127
68,129
68,130
68,131
68,133
68,134
68,135
68,136
68,138
68,139
68,140
68,141
68,142
68,144
68,145
68,146
68,147
68,148
68,149
68,151
68,152
68,153
68,154
68,155
68,156
68,157
68,159
68,160
68,161
68,162
68,163
68,164
68,165
68,166
68,168
68,169
68,170
68,171
68,172
68,173
68,174
68,175
68,176
68,178
68,179
68,180
68,181
68,182
68,183
68,184
68,185
68,198
68,199
68,201
68,202
68,203
68,204
68,205
68,206
68,207
68,208
68,209
68,211
68,212
68,214
68,215
68,216
68,217
68,218
68,219
68,220
68,221
68,222
68,224
68,225
68,226
68,228
68,229
68,230
68,231
68,232
68,233
68,234
68,235
68,236
68,238
68,239
68,240
68,243
68,244
68,246
68,247
68,249
68,250
68,251
68,253
68,254
68,255
68,256
68,258
68,259
68,260
68,261
68,262
68,264
68,265
68,266
68,267
68,268
68,269
68,271
68,272
68,273
68,274
68,275
68,276
68,277
68,279
68,280
68,281
68,282
68,283
68,284
68,285
68,286
68,288
68,289
68,290
68,291
68,292
68,293
68,294
68,295
68,296
68,298
68,299
68,300
68,301
68,302
68,303
68,304
68,305
68,318
68,319
68,321
68,322
68,323
68,324
68,325
68,326
68,327
68,328
68,329
68,331
68,332
68,334
68,335
68,336
68,337
68,338
68,339
68,340
68,341
68,342
68,344
68,345
68,346
68,348
68,349
68,350
68,351
68,352
68,353
68,354
68,355
68,356
68,358
68,359
69,120
69,121
69,122
69,126
69,127
69,128
69,130
69,131
69,132
69,134
69,135
69,136
69,137
69,139
69,140
69,141
69,142
69,143
69,145
69,146
69,147
69,148
69,149
69,150
69,152
69,153
69,154
69,155
69,156
69,157
69,158
69,160
69,161
69,162
69,163
69,164
69,165
69,166
69,167
69,169
69,170
69,171
69,172
69,173
69,174
69,175
69,176
69,177
69,179
69,180
69,181
69,182
69,183
69,184
69,185
69,198
69,199
69,200
69,202
69,203
69,204
69,205
69,206
69,207
69,208
69,209
69,211
69,212
69,213
69,215
69,216
69,217
69,218
69,219
69,220
69,221
69,222
69,224
69,225
69,226
69,227
69,229
69,230
69,231
69,232
69,233
69,234
69,235
69,236
69,238
69,239
69,240
69,241
69,242
69,246
69,247
69,248
69,250
69,251
69,252
69,254
69,255
69,256
69,257
69,259
69,260
69,261
69,262
69,263
69,265
69,266
69,267
69,268
69,269
69,270
69,272
69,273
69,274
69,275
69,276
69,277
69,278
69,280
69,281
69,282
69,283
69,284
69,285
69,286
69,287
69,289
69,290
69,291
69,292
69,293
69,294
69,295
69,296
69,297
69,299
69,300
69,301
69,302
69,303
69,304
69,305
69,318
69,319
69,320
69,322
69,323
69,324
69,325
69,326
69,327
69,328
69,329
69,331
69,332
69,333
69,335
69,336
69,337
69,338
69,339
69,340
69,341
69,342
69,344
69,345
69,346
69,347
69,349
69,350
69,351
69,352
69,353
69,354
69,355
69,356
69,358
69,359
70,120
70,121
70,122
70,123
70,124
70,125
70,130
70,131
70,132
70,133
70,135
70,136
70,137
70,138
70,140
70,141
70,142
70,143
70,144
70,146
70,147
70,148
70,149
70,150
70,151
70,153
70,154
70,155
70,156
70,157
70,158
70,159
70,161
70,162
70,163
70,164
70,165
70,166
70,167
70,168
70,170
70,171
70,172
70,173
70,174
70,175
70,176
70,177
70,178
70,180
70,181
70,182
70,183
70,184
70,185
70,198
70,199
70,200
70,201
70,203
70,204
70,205
70,206
70,207
70,208
70,209
70,211
70,212
70,213
70,214
70,216
70,217
70,218
70,219
70,220
70,221
70,222
70,224
70,225
70,226
70,227
70,228
70,230
70,231
70,232
70,233
70,234
70,235
70,236
70,238
70,239
70,240
70,241
70,242
70,243
70,244
70,245
70,250
70,251
70,252
70,253
70,255
70,256
70,257
70,258
70,260
70,261
70,262
70,263
70,264
70,266
70,267
70,268
70,269
70,270
70,271
70,273
70,274
70,275
70,276
70,277
70,278
70,279
70,281
70,282
70,283
70,284
70,285
70,286
70,287
70,288
70,290
70,291
70,292
70,293
70,294
70,295
70,296
70,297
70,298
70,300
70,301
70,302
70,303
70,304
70,305
70,318
70,319
70,320
70,321
70,323
70,324
70,325
70,326
70,327
70,328
70,329
70,331
70,332
70,333
70,334
70,336
70,337
70,338
70,339
70,340
70,341
70,342
70,344
70,345
70,346
70,347
70,348
70,350
70,351
70,352
70,353
70,354
70,355
70,356
70,358
70,359
71,120
71,121
71,122
71,123
71,124
71,125
71,126
71,127
71,128
71,129
71,135
71,136
71,137
71,138
71,139
71,141
71,142
71,143
71,144
71,145
71,147
71,148
71,149
71,150
71,151
71,152
71,154
71,155
71,156
71,157
71,158
71,159
71,160
71,162
71,163
71,164
71,165
71,166
71,167
71,168
71,169
71,171
71,172
71,173
71,174
71,175
71,176
71,177
71,178
71,179
71,181
71,182
71,183
71,184
71,185
71,198
71,199
71,200
71,201
71,202
71,204
71,205
71,206
71,207
71,208
71,209
71,211
71,212
71,213
71,214
71,215
71,217
71,218
71,219
71,220
71,221
71,222
71,224
71,225
71,226
71,227
71,228
71,229
71,231
71,232
71,233
71,234
71,235
71,236
71,238
71,239
71,240
71,241
71,242
71,243
71,244
71,245
71,246
71,247
71,248
71,249
71,255
71,256
71,257
71,258
71,259
71,261
71,262
71,263
71,264
71,265
71,267
71,268
71,269
71,270
71,271
71,272
71,274
71,275
71,276
71,277
71,278
71,279
71,280
71,282
71,283
71,284
71,285
71,286
71,287
71,288
71,289
71,291
71,292
71,293
71,294
71,295
71,296
71,297
71,298
71,299
71,301
71,302
71,303
71,304
71,305
71,318
71,319
71,320
71,321
71,322
71,324
71,325
71,326
71,327
71,328
71,329
71,331
71,332
71,333
71,334
71,335
71,337
71,338
71,339
71,340
71,341
71,342
71,344
71,345
71,346
71,347
71,348
71,349
71,351
71,352
71,353
71,354
71,355
71,356
71,358
71,359
72,120
72,121
72,122
72,123
72,124
72,125
72,126
72,127
72,128
72,129
72,130
72,131
72,132
72,133
72,134
72,141
72,142
72,143
72,144
72,145
72,146
72,148
72,149
72,150
72,151
72,152
72,153
72,155
72,156
72,157
72,158
72,159
72,160
72,161
72,163
72,164
72,165
72,166
72,167
72,168
72,169
72,170
72,172
72,173
72,174
72,175
72,176
72,177
72,178
72,179
72,180
72,182
72,183
72,184
72,185
72,198
72,199
72,200
72,201
72,202
72,203
72,205
72,206
72,207
72,208
72,209
72,211
72,212
72,213
72,214
72,215
72,216
72,218
72,219
72,220
72,221
72,222
72,224
72,225
72,226
72,227
72,228
72,229
72,230
72,232
72,233
72,234
72,235
72,236
72,238
72,239
72,240
72,241
72,242
72,243
72,244
72,245
72,246
72,247
72,248
72,249
72,250
72,251
72,252
72,253
72,254
72,261
72,262
72,263
72,264
72,265
72,266
72,268
72,269
72,270
72,271
72,272
72,273
72,275
72,276
72,277
72,278
72,279
72,280
72,281
72,283
72,284
72,285
72,286
72,287
72,288
72,289
72,290
72,292
72,293
72,294
72,295
72,296
72,297
72,298
72,299
72,300
72,302
72,303
72,304
72,305
72,318
72,319
72,320
72,321
72,322
72,323
72,325
72,326
72,327
72,328
72,329
72,331
72,332
72,333
72,334
72,335
72,336
72,338
72,339
72,340
72,341
72,342
72,344
72,345
72,346
72,347
72,348
72,349
72,350
72,352
72,353
72,354
72,355
72,356
72,358
72,359
73,120
73,121
73,122
73,123
73,124
73,125
73,126
73,127
73,128
73,129
73,130
73,131
73,132
73,133
73,134
73,135
73,136
73,137
73,138
73,139
73,140
73,148
73,149
73,150
73,151
73,152
73,153
73,154
73,156
73,157
73,158
73,159
73,160
73,161
73,162
73,164
73,165
73,166
73,167
73,168
73,169
73,170
73,171
73,173
73,174
73,175
73,176
73,177
73,178
73,179
73,180
73,181
73,183
73,184
73,185
73,198
73,199
73,200
73,201
73,202
73,203
73,204
73,206
73,207
73,208
73,209
73,211
73,212
73,213
73,214
73,215
73,216
73,217
73,219
73,220
73,221
73,222
73,224
73,225
73,226
73,227
73,228
73,229
73,230
73,231
73,233
73,234
73,235
73,236
73,238
73,239
73,240
73,241
73,242
73,243
73,244
73,245
73,246
73,247
73,248
73,249
73,250
73,251
73,252
73,253
73,254
73,255
73,256
73,257
73,258
73,259
73,260
73,268
73,269
73,270
73,271
73,272
73,273
73,274
73,276
73,277
73,278
73,279
73,280
73,281
73,282
73,284
73,285
73,286
73,287
73,288
73,289
73,290
73,291
73,293
73,294
73,295
73,296
73,297
73,298
73,299
73,300
73,301
73,303
73,304
73,305
73,318
73,319
73,320
73,321
73,322
73,323
73,324
73,326
73,327
73,328
73,329
73,331
73,332
73,333
73,334
73,335
73,336
73,337
73,339
73,340
73,341
73,342
73,344
73,345
73,346
73,347
73,348
73,349
73,350
73,351
73,353
73,354
73,355
73,356
73,358
73,359
74,120
74,121
74,122
74,123
74,124
74,125
74,126
74,127
74,128
74,129
74,130
74,131
74,132
74,133
74,134
74,135
74,136
74,137
74,138
74,139
74,140
74,141
74,142
74,143
74,144
74,145
74,146
74,147
74,156
74,157
74,158
74,159
74,160
74,161
74,162
74,163
74,165
74,166
74,167
74,168
74,169
74,170
74,171
74,172
74,174
74,175
74,176
74,177
74,178
74,179
74,180
74,181
74,182
74,184
74,185
74,198
74,199
74,200
74,201
74,202
74,203
74,204
74,205
74,207
74,208
74,209
74,211
74,212
74,213
74,214
74,215
74,216
74,217
74,218
74,220
74,221
74,222
74,224
74,225
74,226
74,227
74,228
74,229
74,230
74,231
74,232
74,234
74,235
74,236
74,238
74,239
74,240
74,241
74,242
74,243
74,244
74,245
74,246
74,247
74,248
74,249
74,250
74,251
74,252
74,253
74,254
74,255
74,256
74,257
74,258
74,259
74,260
74,261
74,262
74,263
74,264
74,265
74,266
74,267
74,276
74,277
74,278
74,279
74,280
74,281
74,282
74,283
74,285
74,286
74,287
74,288
74,289
74,290
74,291
74,292
74,294
74,295
74,296
74,297
74,298
74,299
74,300
74,301
74,302
74,304
74,305
74,318
74,319
74,320
74,321
74,322
74,323
74,324
74,325
74,327
74,328
74,329
74,331
74,332
74,333
74,334
74,335
74,336
74,337
74,338
74,340
74,341
74,342
74,344
74,345
74,346
74,347
74,348
74,349
74,350
74,351
74,352
74,354
74,355
74,356
74,358
74,359
75,120
75,121
75,122
75,123
75,124
75,125
75,126
75,127
75,128
75,129
75,130
75,131
75,132
75,133
75,134
75,135
75,136
75,137
75,138
75,139
75,140
75,141
75,142
75,143
75,144
75,145
75,146
75,147
75,148
75,149
75,150
75,151
75,152
75,153
75,154
75,155
75,165
75,166
75,167
75,168
75,169
75,170
75,171
75,172
75,173
75,175
75,176
75,177
75,178
75,179
75,180
75,181
75,182
75,183
75,185
75,198
75,199
75,200
75,201
75,202
75,203
75,204
75,205
75,206
75,208
75,209
75,211
75,212
75,213
75,214
75,215
75,216
75,217
75,218
75,219
75,221
75,222
75,224
75,225
75,226
75,227
75,228
75,229
75,230
75,231
75,232
75,233
75,235
75,236
75,238
75,239
75,240
75,241
75,242
75,243
75,244
75,245
75,246
75,247
75,248
75,249
75,250
75,251
75,252
75,253
75,254
75,255
75,256
75,257
75,258
75,259
75,260
75,261
75,262
75,263
75,264
75,265
75,266
75,267
75,268
75,269
75,270
75,271
75,272
75,273
75,274
75,275
75,285
75,286
75,287
75,288
75,289
75,290
75,291
75,292
75,293
75,295
75,296
75,297
75,298
75,299
75,300
75,301
75,302
75,303
75,305
75,318
75,319
75,320
75,321
75,322
75,323
75,324
75,325
75,326
75,328
75,329
75,331
75,332
75,333
75,334
75,335
75,336
75,337
75,338
75,339
75,341
75,342
75,344
75,345
75,346
75,347
75,348
75,349
75,350
75,351
75,352
75,353
75,355
75,356
75,358
75,359
76,120
76,121
76,122
76,123
76,124
76,125
76,126
76,127
76,128
76,129
76,130
76,131
76,132
76,133
76,134
76,135
76,136
76,137
76,138
76,139
76,140
76,141
76,142
76,143
76,144
76,145
76,146
76,147
76,148
76,149
76,150
76,151
76,152
76,153
76,154
76,155
76,156
76,157
76,158
76,159
76,160
76,161
76,162
76,163
76,164
76,175
76,176
76,177
76,178
76,179
76,180
76,181
76,182
76,183
76,184
76,198
76,199
76,200
76,201
76,202
76,203
76,204
76,205
76,206
76,207
76,209
76,211
76,212
76,213
76,214
76,215
76,216
76,217
76,218
76,219
76,220
76,222
76,224
76,225
76,226
76,227
76,228
76,229
76,230
76,231
76,232
76,233
76,234
76,236
76,238
76,239
76,240
76,241
76,242
76,243
76,244
76,245
76,246
76,247
76,248
76,249
76,250
76,251
76,252
76,253
76,254
76,255
76,256
76,257
76,258
76,259
76,260
76,261
76,262
76,263
76,264
76,265
76,266
76,267
76,268
76,269
76,270
76,271
76,272
76,273
76,274
76,275
76,276
76,277
76,278
76,279
76,280
76,281
76,282
76,283
76,284
76,295
76,296
76,297
76,298
76,299
76,300
76,301
76,302
76,303
76,304
76,318
76,319
76,320
76,321
76,322
76,323
76,324
76,325
76,326
76,327
76,329
76,331
76,332
76,333
76,334
76,335
76,336
76,337
76,338
76,339
76,340
76,342
76,344
76,345
76,346
76,347
76,348
76,349
76,350
76,351
76,352
76,353
76,354
76,356
76,358
76,359
77,120
77,121
77,122
77,123
77,124
77,125
77,126
77,127
77,128
77,129
77,130
77,131
77,132
77,133
77,134
77,135
77,136
77,137
77,138
77,139
77,140
77,141
77,142
77,143
77,144
77,145
77,146
77,147
77,148
77,149
77,150
77,151
77,152
77,153
77,154
77,155
77,156
77,157
77,158
77,159
77,160
77,161
77,162
77,163
77,164
77,165
77,166
77,167
77,168
77,169
77,170
77,171
77,172
77,173
77,174
77,198
77,199
77,200
77,201
77,202
77,203
77,204
77,205
77,206
77,207
77,208
77,211
77,212
77,213
77,214
77,215
77,216
77,217
77,218
77,219
77,220
77,221
77,224
77,225
77,226
77,227
77,228
77,229
77,230
77,231
77,232
77,233
77,234
77,235
77,238
77,239
77,240
77,241
77,242
77,243
77,244
77,245
77,246
77,247
77,248
77,249
77,250
77,251
77,252
77,253
77,254
77,255
77,256
77,257
77,258
77,259
77,260
77,261
77,262
77,263
77,264
77,265
77,266
77,267
77,268
77,269
77,270
77,271
77,272
77,273
77,274
77,275
77,276
77,277
77,278
77,279
77,280
77,281
77,282
77,283
77,284
77,285
77,286
77,287
77,288
77,289
77,290
77,291
77,292
77,293
77,294
77,318
77,319
77,320
77,321
77,322
77,323
77,324
77,325
77,326
77,327
77,328
77,331
77,332
77,333
77,334
77,335
77,336
77,337
77,338
77,339
77,340
77,341
77,344
77,345
77,346
77,347
77,348
77,349
77,350
77,351
77,352
77,353
77,354
77,355
77,358
77,359
78,122
78,124
78,125
78,127
78,128
78,129
78,131
78,132
78,133
78,134
78,136
78,137
78,138
78,139
78,140
78,142
78,143
78,144
78,145
78,146
78,147
78,149
78,150
78,151
78,152
78,153
78,154
78,155
78,157
78,158
78,159
78,160
78,161
78,162
78,163
78,164
78,166
78,167
78,168
78,169
78,170
78,171
78,172
78,173
78,174
78,176
78,177
78,178
78,179
78,180
78,181
78,182
78,183
78,184
78,185
78,187
78,188
78,189
78,190
78,191
78,192
78,193
78,194
78,195
78,196
78,197
78,212
78,213
78,214
78,215
78,216
78,217
78,218
78,219
78,220
78,221
78,222
78,223
78,226
78,227
78,228
78,229
78,230
78,231
78,232
78,233
78,234
78,235
78,236
78,237
78,239
78,242
78,244
78,245
78,247
78,248
78,249
78,251
78,252
78,253
78,254
78,256
78,257
78,258
78,259
78,260
78,262
78,263
78,264
78,265
78,266
78,267
78,269
78,270
78,271
78,272
78,273
78,274
78,275
78,277
78,278
78,279
78,280
78,281
78,282
78,283
78,284
78,286
78,287
78,288
78,289
78,290
78,291
78,292
78,293
78,294
78,296
78,297
78,298
78,299
78,300
78,301
78,302
78,303
78,304
78,305
78,307
78,308
78,309
78,310
78,311
78,312
78,313
78,314
78,315
78,316
78,317
78,332
78,333
78,334
78,335
78,336
78,337
78,338
78,339
78,340
78,341
78,342
78,343
78,346
78,347
78,348
78,349
78,350
78,351
78,352
78,353
78,354
78,355
78,356
78,357
78,359
79,121
79,123
79,125
79,126
79,128
79,129
79,130
79,132
79,133
79,134
79,135
79,137
79,138
79,139
79,140
79,141
79,143
79,144
79,145
79,146
79,147
79,148
79,150
79,151
79,152
79,153
79,154
79,155
79,156
79,158
79,159
79,160
79,161
79,162
79,163
79,164
79,165
79,167
79,168
79,169
79,170
79,171
79,172
79,173
79,174
79,175
79,177
79,178
79,179
79,180
79,181
79,182
79,183
79,184
79,185
79,186
79,188
79,189
79,190
79,191
79,192
79,193
79,194
79,195
79,196
79,197
79,211
79,213
79,214
79,215
79,216
79,217
79,218
79,219
79,220
79,221
79,222
79,223
79,225
79,227
79,228
79,229
79,230
79,231
79,232
79,233
79,234
79,235
79,236
79,237
79,239
79,241
79,243
79,245
79,246
79,248
79,249
79,250
79,252
79,253
79,254
79,255
79,257
79,258
79,259
79,260
79,261
79,263
79,264
79,265
79,266
79,267
79,268
79,270
79,271
79,272
79,273
79,274
79,275
79,276
79,278
79,279
79,280
79,281
79,282
79,283
79,284
79,285
79,287
79,288
79,289
79,290
79,291
79,292
79,293
79,294
79,295
79,297
79,298
79,299
79,300
79,301
79,302
79,303
79,304
79,305
79,306
79,308
79,309
79,310
79,311
79,312
79,313
79,314
79,315
79,316
79,317
79,331
79,333
79,334
79,335
79,336
79,337
79,338
79,339
79,340
79,341
79,342
79,343
79,345
79,347
79,348
79,349
79,350
79,351
79,352
79,353
79,354
79,355
79,356
79,357
79,359
80,120
80,123
80,124
80,126
80,127
80,129
80,130
80,131
80,133
80,134
80,135
80,136
80,138
80,139
80,140
80,141
80,142
80,144
80,145
80,146
80,147
80,148
80,149
80,151
80,152
80,153
80,154
80,155
80,156
80,157
80,159
80,160
80,161
80,162
80,163
80,164
80,165
80,166
80,168
80,169
80,170
80,171
80,172
80,173
80,174
80,175
80,176
80,178
80,179
80,180
80,181
80,182
80,183
80,184
80,185
80,186
80,187
80,189
80,190
80,191
80,192
80,193
80,194
80,195
80,196
80,197
80,211
80,212
80,214
80,215
80,216
80,217
80,218
80,219
80,220
80,221
80,222
80,223
80,225
80,226
80,228
80,229
80,230
80,231
80,232
80,233
80,234
80,235
80,236
80,237
80,239
80,240
80,243
80,244
80,246
80,247
80,249
80,250
80,251
80,253
80,254
80,255
80,256
80,258
80,259
80,260
80,261
80,262
80,264
80,265
80,266
80,267
80,268
80,269
80,271
80,272
80,273
80,274
80,275
80,276
80,277
80,279
80,280
80,281
80,282
80,283
80,284
80,285
80,286
80,288
80,289
80,290
80,291
80,292
80,293
80,294
80,295
80,296
80,298
80,299
80,300
80,301
80,302
80,303
80,304
80,305
80,306
80,307
80,309
80,310
80,311
80,312
80,313
80,314
80,315
80,316
80,317
80,331
80,332
80,334
80,335
80,336
80,337
80,338
80,339
80,340
80,341
80,342
80,343
80,345
80,346
80,348
80,349
80,350
80,351
80,352
80,353
80,354
80,355
80,356
80,357
80,359
81,120
81,121
81,122
81,126
81,127
81,128
81,130
81,131
81,132
81,134
81,135
81,136
81,137
81,139
81,140
81,141
81,142
81,143
81,145
81,146
81,147
81,148
81,149
81,150
81,152
81,153
81,154
81,155
81,156
81,157
81,158
81,160
81,161
81,162
81,163
81,164
81,165
81,166
81,167
81,169
81,170
81,171
81,172
81,173
81,174
81,175
81,176
81,177
81,179
81,180
81,181
81,182
81,183
81,184
81,185
81,186
81,187
81,188
81,190
81,191
81,192
81,193
81,194
81,195
81,196
81,197
81,211
81,212
81,213
81,215
81,216
81,217
81,218
81,219
81,220
81,221
81,222
81,223
81,225
81,226
81,227
81,229
81,230
81,231
81,232
81,233
81,234
81,235
81,236
81,237
81,239
81,240
81,241
81,242
81,246
81,247
81,248
81,250
81,251
81,252
81,254
81,255
81,256
81,257
81,259
81,260
81,261
81,262
81,263
81,265
81,266
81,267
81,268
81,269
81,270
81,272
81,273
81,274
81,275
81,276
81,277
81,278
81,280
81,281
81,282
81,283
81,284
81,285
81,286
81,287
81,289
81,290
81,291
81,292
81,293
81,294
81,295
81,296
81,297
81,299
81,300
81,301
81,302
81,303
81,304
81,305
81,306
81,307
81,308
81,310
81,311
81,312
81,313
81,314
81,315
81,316
81,317
81,331
81,332
81,333
81,335
81,336
81,337
81,338
81,339
81,340
81,341
81,342
81,343
81,345
81,346
81,347
81,349
81,350
81,351
81,352
81,353
81,354
81,355
81,356
81,357
81,359
82,120
82,121
82,122
82,123
82,124
82,125
82,130
82,131
82,132
82,133
82,135
82,136
82,137
82,138
82,140
82,141
82,142
82,143
82,144
82,146
82,147
82,148
82,149
82,150
82,151
82,153
82,154
82,155
82,156
82,157
82,158
82,159
82,161
82,162
82,163
82,164
82,165
82,166
82,167
82,168
82,170
82,171
82,172
82,173
82,174
82,175
82,176
82,177
82,178
82,180
82,181
82,182
82,183
82,184
82,185
82,186
82,187
82,188
82,189
82,191
82,192
82,193
82,194
82,195
82,196
82,197
82,211
82,212
82,213
82,214
82,216
82,217
82,218
82,219
82,220
82,221
82,222
82,223
82,225
82,226
82,227
82,228
82,230
82,231
82,232
82,233
82,234
82,235
82,236
82,237
82,239
82,240
82,241
82,242
82,243
82,244
82,245
82,250
82,251
82,252
82,253
82,255
82,256
82,257
82,258
82,260
82,261
82,262
82,263
82,264
82,266
82,267
82,268
82,269
82,270
82,271
82,273
82,274
82,275
82,276
82,277
82,278
82,279
82,281
82,282
82,283
82,284
82,285
82,286
82,287
82,288
82,290
82,291
82,292
82,293
82,294
82,295
82,296
82,297
82,298
82,300
82,301
82,302
82,303
82,304
82,305
82,306
82,307
82,308
82,309
82,311
82,312
82,313
82,314
82,315
82,316
82,317
82,331
82,332
82,333
82,334
82,336
82,337
82,338
82,339
82,340
82,341
82,342
82,343
82,345
82,346
82,347
82,348
82,350
82,351
82,352
82,353
82,354
82,355
82,356
82,357
82,359
83,120
83,121
83,122
83,123
83,124
83,125
83,126
83,127
83,128
83,129
83,135
83,136
83,137
83,138
83,139
83,141
83,142
83,143
83,144
83,145
83,147
83,148
83,149
83,150
83,151
83,152
83,154
83,155
83,156
83,157
83,158
83,159
83,160
83,162
83,163
83,164
83,165
83,166
83,167
83,168
83,169
83,171
83,172
83,173
83,174
83,175
83,176
83,177
83,178
83,179
83,181
83,182
83,183
83,184
83,185
83,186
83,187
83,188
83,189
83,190
83,192
83,193
83,194
83,195
83,196
83,197
83,211
83,212
83,213
83,214
83,215
83,217
83,218
83,219
83,220
83,221
83,222
83,223
83,225
83,226
83,227
83,228
83,229
83,231
83,232
83,233
83,234
83,235
83,236
83,237
83,239
83,240
83,241
83,242
83,243
83,244
83,245
83,246
83,247
83,248
83,249
83,255
83,256
83,257
83,258
83,259
83,261
83,262
83,263
83,264
83,265
83,267
83,268
83,269
83,270
83,271
83,272
83,274
83,275
83,276
83,277
83,278
83,279
83,280
83,282
83,283
83,284
83,285
83,286
83,287
83,288
83,289
83,291
83,292
83,293
83,294
83,295
83,296
83,297
83,298
83,299
83,301
83,302
83,303
83,304
83,305
83,306
83,307
83,308
83,309
83,310
83,312
83,313
83,314
83,315
83,316
83,317
83,331
83,332
83,333
83,334
83,335
83,337
83,338
83,339
83,340
83,341
83,342
83,343
83,345
83,346
83,347
83,348
83,349
83,351
83,352
83,353
83,354
83,355
83,356
83,357
83,359
84,120
84,121
84,122
84,123
84,124
84,125
84,126
84,127
84,128
84,129
84,130
84,131
84,132
84,133
84,134
84,141
84,142
84,143
84,144
84,145
84,146
84,148
84,149
84,150
84,151
84,152
84,153
84,155
84,156
84,157
84,158
84,159
84,160
84,161
84,163
84,164
84,165
84,166
84,167
84,168
84,169
84,170
84,172
84,173
84,174
84,175
84,176
84,177
84,178
84,179
84,180
84,182
84,183
84,184
84,185
84,186
84,187
84,188
84,189
84,190
84,191
84,193
84,194
84,195
84,196
84,197
84,211
84,212
84,213
84,214
84,215
84,216
84,218
84,219
84,220
84,221
84,222
84,223
84,225
84,226
84,227
84,228
84,229
84,230
84,232
84,233
84,234
84,235
84,236
84,237
84,239
84,240
84,241
84,242
84,243
84,244
84,245
84,246
84,247
84,248
84,249
84,250
84,251
84,252
84,253
84,254
84,261
84,262
84,263
84,264
84,265
84,266
84,268
84,269
84,270
84,271
84,272
84,273
84,275
84,276
84,277
84,278
84,279
84,280
84,281
84,283
84,284
84,285
84,286
84,287
84,288
84,289
84,290
84,292
84,293
84,294
84,295
84,296
84,297
84,298
84,299
84,300
84,302
84,303
84,304
84,305
84,306
84,307
84,308
84,309
84,310
84,311
84,313
84,314
84,315
84,316
84,317
84,331
84,332
84,333
84,334
84,335
84,336
84,338
84,339
84,340
84,341
84,342
84,343
84,345
84,346
84,347
84,348
84,349
84,350
84,352
84,353
84,354
84,355
84,356
84,357
84,359
85,120
85,121
85,122
85,123
85,124
85,125
85,126
85,127
85,128
85,129
85,130
85,131
85,132
85,133
85,134
85,135
85,136
85,137
85,138
85,139
85,140
85,148
85,149
85,150
85,151
85,152
85,153
85,154
85,156
85,157
85,158
85,159
85,160
85,161
85,162
85,164
85,165
85,166
85,167
85,168
85,169
85,170
85,171
85,173
85,174
85,175
85,176
85,177
85,178
85,179
85,180
85,181
85,183
85,184
85,185
85,186
85,187
85,188
85,189
85,190
85,191
85,192
85,194
85,195
85,196
85,197
85,211
85,212
85,213
85,214
85,215
85,216
85,217
85,219
85,220
85,221
85,222
85,223
85,225
85,226
85,227
85,228
85,229
85,230
85,231
85,233
85,234
85,235
85,236
85,237
85,239
85,240
85,241
85,242
85,243
85,244
85,245
85,246
85,247
85,248
85,249
85,250
85,251
85,252
85,253
85,254
85,255
85,256
85,257
85,258
85,259
85,260
85,268
85,269
85,270
85,271
85,272
85,273
85,274
85,276
85,277
85,278
85,279
85,280
85,281
85,282
85,284
85,285
85,286
85,287
85,288
85,289
85,290
85,291
85,293
85,294
85,295
85,296
85,297
85,298
85,299
85,300
85,301
85,303
85,304
85,305
85,306
85,307
85,308
85,309
85,310
85,311
85,312
85,314
85,315
85,316
85,317
85,331
85,332
85,333
85,334
85,335
85,336
85,337
85,339
85,340
85,341
85,342
85,343
85,345
85,346
85,347
85,348
85,349
85,350
85,351
85,353
85,354
85,355
85,356
85,357
85,359
86,120
86,121
86,122
86,123
86,124
86,125
86,126
86,127
86,128
86,129
86,130
86,131
86,132
86,133
86,134
86,135
86,136
86,137
86,138
86,139
86,140
86,141
86,142
86,143
86,144
86,145
86,146
86,147
86,156
86,157
86,158
86,159
86,160
86,161
86,162
86,163
86,165
86,166
86,167
86,168
86,169
86,170
86,171
86,172
86,174
86,175
86,176
86,177
86,178
86,179
86,180
86,181
86,182
86,184
86,185
86,186
86,187
86,188
86,189
86,190
86,191
86,192
86,193
86,195
86,196
86,197
86,211
86,212
86,213
86,214
86,215
86,216
86,217
86,218
86,220
86,221
86,222
86,223
86,225
86,226
86,227
86,228
86,229
86,230
86,231
86,232
86,234
86,235
86,236
86,237
86,239
86,240
86,241
86,242
86,243
86,244
86,245
86,246
86,247
86,248
86,249
86,250
86,251
86,252
86,253
86,254
86,255
86,256
86,257
86,258
86,259
86,260
86,261
86,262
86,263
86,264
86,265
86,266
86,267
86,276
86,277
86,278
86,279
86,280
86,281
86,282
86,283
86,285
86,286
86,287
86,288
86,289
86,290
86,291
86,292
86,294
86,295
86,296
86,297
86,298
86,299
86,300
86,301
86,302
86,304
86,305
86,306
86,307
86,308
86,309
86,310
86,311
86,312
86,313
86,315
86,316
86,317
86,331
86,332
86,333
86,334
86,335
86,336
86,337
86,338
86,340
86,341
86,342
86,343
86,345
86,346
86,347
86,348
86,349
86,350
86,351
86,352
86,354
86,355
86,356
86,357
86,359
87,120
87,121
87,122
87,123
87,124
87,125
87,126
87,127
87,128
87,129
87,130
87,131
87,132
87,133
87,134
87,135
87,136
87,137
87,138
87,139
87,140
87,141
87,142
87,143
87,144
87,145
87,146
87,147
87,148
87,149
87,150
87,151
87,152
87,153
87,154
87,155
87,165
87,166
87,167
87,168
87,169
87,170
87,171
87,172
87,173
87,175
87,176
87,177
87,178
87,179
87,180
87,181
87,182
87,183
87,185
87,186
87,187
87,188
87,189
87,190
87,191
87,192
87,193
87,194
87,196
87,197
87,211
87,212
87,213
87,214
87,215
87,216
87,217
87,218
87,219
87,221
87,222
87,223
87,225
87,226
87,227
87,228
87,229
87,230
87,231
87,232
87,233
87,235
87,236
87,237
87,239
87,240
87,241
87,242
87,243
87,244
87,245
87,246
87,247
87,248
87,249
87,250
87,251
87,252
87,253
87,254
87,255
87,256
87,257
87,258
87,259
87,260
87,261
87,262
87,263
87,264
87,265
87,266
87,267
87,268
87,269
87,270
87,271
87,272
87,273
87,274
87,275
87,285
87,286
87,287
87,288
87,289
87,290
87,291
87,292
87,293
87,295
87,296
87,297
87,298
87,299
87,300
87,301
87,302
87,303
87,305
87,306
87,307
87,308
87,309
87,310
87,311
87,312
87,313
87,314
87,316
87,317
87,331
87,332
87,333
87,334
87,335
87,336
87,337
87,338
87,339
87,341
87,342
87,343
87,345
87,346
87,347
87,348
87,349
87,350
87,351
87,352
87,353
87,355
87,356
87,357
87,359
88,120
88,121
88,122
88,123
88,124
88,125
88,126
88,127
88,128
88,129
88,130
88,131
88,132
88,133
88,134
88,135
88,136
88,137
88,138
88,139
88,140
88,141
88,142
88,143
88,144
88,145
88,146
88,147
88,148
88,149
88,150
88,151
88,152
88,153
88,154
88,155
88,156
88,157
88,158
88,159
88,160
88,161
88,162
88,163
88,164
88,175
88,176
88,177
88,178
88,179
88,180
88,181
88,182
88,183
88,184
88,186
88,187
88,188
88,189
88,190
88,191
88,192
88,193
88,194
88,195
88,197
88,211
88,212
88,213
88,214
88,215
88,216
88,217
88,218
88,219
88,220
88,222
88,223
88,225
88,226
88,227
88,228
88,229
88,230
88,231
88,232
88,233
88,234
88,236
88,237
88,239
88,240
88,241
88,242
88,243
88,244
88,245
88,246
88,247
88,248
88,249
88,250
88,251
88,252
88,253
88,254
88,255
88,256
88,257
88,258
88,259
88,260
88,261
88,262
88,263
88,264
88,265
88,266
88,267
88,268
88,269
88,270
88,271
88,272
88,273
88,274
88,275
88,276
88,277
88,278
88,279
88,280
88,281
88,282
88,283
88,284
88,295
88,296
88,297
88,298
88,299
88,300
88,301
88,302
88,303
88,304
88,306
88,307
88,308
88,309
88,310
88,311
88,312
88,313
88,314
88,315
88,317
88,331
88,332
88,333
88,334
88,335
88,336
88,337
88,338
88,339
88,340
88,342
88,343
88,345
88,346
88,347
88,348
88,349
88,350
88,351
88,352
88,353
88,354
88,356
88,357
88,359
89,120
89,121
89,122
89,123
89,124
89,125
89,126
89,127
89,128
89,129
89,130
89,131
89,132
89,133
89,134
89,135
89,136
89,137
89,138
89,139
89,140
89,141
89,142
89,143
89,144
89,145
89,146
89,147
89,148
89,149
89,150
89,151
89,152
89,153
89,154
89,155
89,156
89,157
89,158
89,159
89,160
89,161
89,162
89,163
89,164
89,165
89,166
89,167
89,168
89,169
89,170
89,171
89,172
89,173
89,174
89,186
89,187
89,188
89,189
89,190
89,191
89,192
89,193
89,194
89,195
89,196
89,211
89,212
89,213
89,214
89,215
89,216
89,217
89,218
89,219
89,220
89,221
89,223
89,225
89,226
89,227
89,228
89,229
89,230
89,231
89,232
89,233
89,234
89,235
89,237
89,239
89,240
89,241
89,242
89,243
89,244
89,245
89,246
89,247
89,248
89,249
89,250
89,251
89,252
89,253
89,254
89,255
89,256
89,257
89,258
89,259
89,260
89,261
89,262
89,263
89,264
89,265
89,266
89,267
89,268
89,269
89,270
89,271
89,272
89,273
89,274
89,275
89,276
89,277
89,278
89,279
89,280
89,281
89,282
89,283
89,284
89,285
89,286
89,287
89,288
89,289
89,290
89,291
89,292
89,293
89,294
89,306
89,307
89,308
89,309
89,310
89,311
89,312
89,313
89,314
89,315
89,316
89,331
89,332
89,333
89,334
89,335
89,336
89,337
89,338
89,339
89,340
89,341
89,343
89,345
89,346
89,347
89,348
89,349
89,350
89,351
89,352
89,353
89,354
89,355
89,357
89,359
90,120
90,121
90,122
90,123
90,124
90,125
90,126
90,127
90,128
90,129
90,130
90,131
90,132
90,133
90,134
90,135
90,136
90,137
90,138
90,139
90,140
90,141
90,142
90,143
90,144
90,145
90,146
90,147
90,148
90,149
90,150
90,151
90,152
90,153
90,154
90,155
90,156
90,157
90,158
90,159
90,160
90,161
90,162
90,163
90,164
90,165
90,166
90,167
90,168
90,169
90,170
90,171
90,172
90,173
90,174
90,175
90,176
90,177
90,178
90,179
90,180
90,181
90,182
90,183
90,184
90,185
90,211
90,212
90,213
90,214
90,215
90,216
90,217
90,218
90,219
90,220
90,221
90,222
90,225
90,226
90,227
90,228
90,229
90,230
90,231
90,232
90,233
90,234
90,235
90,236
90,239
90,240
90,241
90,242
90,243
90,244
90,245
90,246
90,247
90,248
90,249
90,250
90,251
90,252
90,253
90,254
90,255
90,256
90,257
90,258
90,259
90,260
90,261
90,262
90,263
90,264
90,265
90,266
90,267
90,268
90,269
90,270
90,271
90,272
90,273
90,274
90,275
90,276
90,277
90,278
90,279
90,280
90,281
90,282
90,283
90,284
90,285
90,286
90,287
90,288
90,289
90,290
90,291
90,292
90,293
90,294
90,295
90,296
90,297
90,298
90,299
90,300
90,301
90,302
90,303
90,304
90,305
90,331
90,332
90,333
90,334
90,335
90,336
90,337
90,338
90,339
90,340
90,341
90,342
90,345
90,346
90,347
90,348
90,349
90,350
90,351
90,352
90,353
90,354
90,355
90,356
90,359
91,122
91,124
91,125
91,127
91,128
91,129
91,131
91,132
91,133
91,134
91,136
91,137
91,138
91,139
91,140
91,142
91,143
91,144
91,145
91,146
91,147
91,149
91,150
91,151
91,152
91,153
91,154
91,155
91,157
91,158
91,159
91,160
91,161
91,162
91,163
91,164
91,166
91,167
91,168
91,169
91,170
91,171
91,172
91,173
91,174
91,176
91,177
91,178
91,179
91,180
91,181
91,182
91,183
91,184
91,185
91,187
91,188
91,189
91,190
91,191
91,192
91,193
91,194
91,195
91,196
91,197
91,199
91,200
91,201
91,202
91,203
91,204
91,205
91,206
91,207
91,208
91,209
91,210
91,226
91,227
91,228
91,229
91,230
91,231
91,232
91,233
91,234
91,235
91,236
91,237
91,238
91,242
91,244
91,245
91,247
91,248
91,249
91,251
91,252
91,253
91,254
91,256
91,257
91,258
91,259
91,260
91,262
91,263
91,264
91,265
91,266
91,267
91,269
91,270
91,271
91,272
91,273
91,274
91,275
91,277
91,278
91,279
91,280
91,281
91,282
91,283
91,284
91,286
91,287
91,288
91,289
91,290
91,291
91,292
91,293
91,294
91,296
91,297
91,298
91,299
91,300
91,301
91,302
91,303
91,304
91,305
91,307
91,308
91,309
91,310
91,311
91,312
91,313
91,314
91,315
91,316
91,317
91,319
91,320
91,321
91,322
91,323
91,324
91,325
91,326
91,327
91,328
91,329
91,330
91,346
91,347
91,348
91,349
91,350
91,351
91,352
91,353
91,354
91,355
91,356
91,357
91,358
92,121
92,123
92,125
92,126
92,128
92,129
92,130
92,132
92,133
92,134
92,135
92,137
92,138
92,139
92,140
92,141
92,143
92,144
92,145
92,146
92,147
92,148
92,150
92,151
92,152
92,153
92,154
92,155
92,156
92,158
92,159
92,160
92,161
92,162
92,163
92,164
92,165
92,167
92,168
92,169
92,170
92,171
92,172
92,173
92,174
92,175
92,177
92,178
92,179
92,180
92,181
92,182
92,183
92,184
92,185
92,186
92,188
92,189
92,190
92,191
92,192
92,193
92,194
92,195
92,196
92,197
92,198
92,200
92,201
92,202
92,203
92,204
92,205
92,206
92,207
92,208
92,209
92,210
92,225
92,227
92,228
92,229
92,230
92,231
92,232
92,233
92,234
92,235
92,236
92,237
92,238
92,241
92,243
92,245
92,246
92,248
92,249
92,250
92,252
92,253
92,254
92,255
92,257
92,258
92,259
92,260
92,261
92,263
92,264
92,265
92,266
92,267
92,268
92,270
92,271
92,272
92,273
92,274
92,275
92,276
92,278
92,279
92,280
92,281
92,282
92,283
92,284
92,285
92,287
92,288
92,289
92,290
92,291
92,292
92,293
92,294
92,295
92,297
92,298
92,299
92,300
92,301
92,302
92,303
92,304
92,305
92,306
92,308
92,309
92,310
92,311
92,312
92,313
92,314
92,315
92,316
92,317
92,318
92,320
92,321
92,322
92,323
92,324
92,325
92,326
92,327
92,328
92,329
92,330
92,345
92,347
92,348
92,349
92,350
92,351
92,352
92,353
92,354
92,355
92,356
92,357
92,358
93,120
93,123
93,124
93,126
93,127
93,129
93,130
93,131
93,133
93,134
93,135
93,136
93,138
93,139
93,140
93,141
93,142
93,144
93,145
93,146
93,147
93,148
93,149
93,151
93,152
93,153
93,154
93,155
93,156
93,157
93,159
93,160
93,161
93,162
93,163
93,164
93,165
93,166
93,168
93,169
93,170
93,171
93,172
93,173
93,174
93,175
93,176
93,178
93,179
93,180
93,181
93,182
93,183
93,184
93,185
93,186
93,187
93,189
93,190
93,191
93,192
93,193
93,194
93,195
93,196
93,197
93,198
93,199
93,201
93,202
93,203
93,204
93,205
93,206
93,207
93,208
93,209
93,210
93,225
93,226
93,228
93,229
93,230
93,231
93,232
93,233
93,234
93,235
93,236
93,237
93,238
93,240
93,243
93,244
93,246
93,247
93,249
93,250
93,251
93,253
93,254
93,255
93,256
93,258
93,259
93,260
93,261
93,262
93,264
93,265
93,266
93,267
93,268
93,269
93,271
93,272
93,273
93,274
93,275
93,276
93,277
93,279
93,280
93,281
93,282
93,283
93,284
93,285
93,286
93,288
93,289
93,290
93,291
93,292
93,293
93,294
93,295
93,296
93,298
93,299
93,300
93,301
93,302
93,303
93,304
93,305
93,306
93,307
93,309
93,310
93,311
93,312
93,313
93,314
93,315
93,316
93,317
93,318
93,319
93,321
93,322
93,323
93,324
93,325
93,326
93,327
93,328
93,329
93,330
93,345
93,346
93,348
93,349
93,350
93,351
93,352
93,353
93,354
93,355
93,356
93,357
93,358
94,120
94,121
94,122
94,126
94,127
94,128
94,130
94,131
94,132
94,134
94,135
94,136
94,137
94,139
94,140
94,141
94,142
94,143
94,145
94,146
94,147
94,148
94,149
94,150
94,152
94,153
94,154
94,155
94,156
94,157
94,158
94,160
94,161
94,162
94,163
94,164
94,165
94,166
94,167
94,169
94,170
94,171
94,172
94,173
94,174
94,175
94,176
94,177
94,179
94,180
94,181
94,182
94,183
94,184
94,185
94,186
94,187
94,188
94,190
94,191
94,192
94,193
94,194
94,195
94,196
94,197
94,198
94,199
94,200
94,202
94,203
94,204
94,205
94,206
94,207
94,208
94,209
94,210
94,225
94,226
94,227
94,229
94,230
94,231
94,232
94,233
94,234
94,235
94,236
94,237
94,238
94,240
94,241
94,242
94,246
94,247
94,248
94,250
94,251
94,252
94,254
94,255
94,256
94,257
94,259
94,260
94,261
94,262
94,263
94,265
94,266
94,267
94,268
94,269
94,270
94,272
94,273
94,274
94,275
94,276
94,277
94,278
94,280
94,281
94,282
94,283
94,284
94,285
94,286
94,287
94,289
94,290
94,291
94,292
94,293
94,294
94,295
94,296
94,297
94,299
94,300
94,301
94,302
94,303
94,304
94,305
94,306
94,307
94,308
94,310
94,311
94,312
94,313
94,314
94,315
94,316
94,317
94,318
94,319
94,320
94,322
94,323
94,324
94,325
94,326
94,327
94,328
94,329
94,330
94,345
94,346
94,347
94,349
94,350
94,351
94,352
94,353
94,354
94,355
94,356
94,357
94,358
95,120
95,121
95,122
95,123
95,124
95,125
95,130
95,131
95,132
95,133
95,135
95,136
95,137
95,138
95,140
95,141
95,142
95,143
95,144
95,146
95,147
95,148
95,149
95,150
95,151
95,153
95,154
95,155
95,156
95,157
95,158
95,159
95,161
95,162
95,163
95,164
95,165
95,166
95,167
95,168
95,170
95,171
95,172
95,173
95,174
95,175
95,176
95,177
95,178
95,180
95,181
95,182
95,183
95,184
95,185
95,186
95,187
95,188
95,189
95,191
95,192
95,193
95,194
95,195
95,196
95,197
95,198
95,199
95,200
95,201
95,203
95,204
95,205
95,206
95,207
95,208
95,209
95,210
95,225
95,226
95,227
95,228
95,230
95,231
95,232
95,233
95,234
95,235
95,236
95,237
95,238
95,240
95,241
95,242
95,243
95,244
95,245
95,250
95,251
95,252
95,253
95,255
95,256
95,257
95,258
95,260
95,261
95,262
95,263
95,264
95,266
95,267
95,268
95,269
95,270
95,271
95,273
95,274
95,275
95,276
95,277
95,278
95,279
95,281
95,282
95,283
95,284
95,285
95,286
95,287
95,288
95,290
95,291
95,292
95,293
95,294
95,295
95,296
95,297
95,298
95,300
95,301
95,302
95,303
95,304
95,305
95,306
95,307
95,308
95,309
95,311
95,312
95,313
95,314
95,315
95,316
95,317
95,318
95,319
95,320
95,321
95,323
95,324
95,325
95,326
95,327
95,328
95,329
95,330
95,345
95,346
95,347
95,348
95,350
95,351
95,352
95,353
95,354
95,355
95,356
95,357
95,358
96,120
96,121
96,122
96,123
96,124
96,125
96,126
96,127
96,128
96,129
96,135
96,136
96,137
96,138
96,139
96,141
96,142
96,143
96,144
96,145
96,147
96,148
96,149
96,150
96,151
96,152
96,154
96,155
96,156
96,157
96,158
96,159
96,160
96,162
96,163
96,164
96,165
96,166
96,167
96,168
96,169
96,171
96,172
96,173
96,174
96,175
96,176
96,177
96,178
96,179
96,181
96,182
96,183
96,184
96,185
96,186
96,187
96,188
96,189
96,190
96,192
96,193
96,194
96,195
96,196
96,197
96,198
96,199
96,200
96,201
96,202
96,204
96,205
96,206
96,207
96,208
96,209
96,210
96,225
96,226
96,227
96,228
96,229
96,231
96,232
96,233
96,234
96,235
96,236
96,237
96,238
96,240
96,241
96,242
96,243
96,244
96,245
96,246
96,247
96,248
96,249
96,255
96,256
96,257
96,258
96,259
96,261
96,262
96,263
96,264
96,265
96,267
96,268
96,269
96,270
96,271
96,272
96,274
96,275
96,276
96,277
96,278
96,279
96,280
96,282
96,283
96,284
96,285
96,286
96,287
96,288
96,289
96,291
96,292
96,293
96,294
96,295
96,296
96,297
96,298
96,299
96,301
96,302
96,303
96,304
96,305
96,306
96,307
96,308
96,309
96,310
96,312
96,313
96,314
96,315
96,316
96,317
96,318
96,319
96,320
96,321
96,322
96,324
96,325
96,326
96,327
96,328
96,329
96,330
96,345
96,346
96,347
96,348
96,349
96,351
96,352
96,353
96,354
96,355
96,356
96,357
96,358
97,120
97,121
97,122
97,123
97,124
97,125
97,126
97,127
97,128
97,129
97,130
97,131
97,132
97,133
97,134
97,141
97,142
97,143
97,144
97,145
97,146
97,148
97,149
97,150
97,151
97,152
97,153
97,155
97,156
97,157
97,158
97,159
97,160
97,161
97,163
97,164
97,165
97,166
97,167
97,168
97,169
97,170
97,172
97,173
97,174
97,175
97,176
97,177
97,178
97,179
97,180
97,182
97,183
97,184
97,185
97,186
97,187
97,188
97,189
97,190
97,191
97,193
97,194
97,195
97,196
97,197
97,198
97,199
97,200
97,201
97,202
97,203
97,205
97,206
97,207
97,208
97,209
97,210
97,225
97,226
97,227
97,228
97,229
97,230
97,232
97,233
97,234
97,235
97,236
97,237
97,238
97,240
97,241
97,242
97,243
97,244
97,245
97,246
97,247
97,248
97,249
97,250
97,251
97,252
97,253
97,254
97,261
97,262
97,263
97,264
97,265
97,266
97,268
97,269
97,270
97,271
97,272
97,273
97,275
97,276
97,277
97,278
97,279
97,280
97,281
97,283
97,284
97,285
97,286
97,287
97,288
97,289
97,290
97,292
97,293
97,294
97,295
97,296
97,297
97,298
97,299
97,300
97,302
97,303
97,304
97,305
97,306
97,307
97,308
97,309
97,310
97,311
97,313
97,314
97,315
97,316
97,317
97,318
97,319
97,320
97,321
97,322
97,323
97,325
97,326
97,327
97,328
97,329
97,330
97,345
97,346
97,347
97,348
97,349
97,350
97,352
97,353
97,354
97,355
97,356
97,357
97,358
98,120
98,121
98,122
98,123
98,124
98,125
98,126
98,127
98,128
98,129
98,130
98,131
98,132
98,133
98,134
98,135
98,136
98,137
98,138
98,139
98,140
98,148
98,149
98,150
98,151
98,152
98,153
98,154
98,156
98,157
98,158
98,159
98,160
98,161
98,162
98,164
98,165
98,166
98,167
98,168
98,169
98,170
98,171
98,173
98,174
98,175
98,176
98,177
98,178
98,179
98,180
98,181
98,183
98,184
98,185
98,186
98,187
98,188
98,189
98,190
98,191
98,192
98,194
98,195
98,196
98,197
98,198
98,199
98,200
98,201
98,202
98,203
98,204
98,206
98,207
98,208
98,209
98,210
98,225
98,226
98,227
98,228
98,229
98,230
98,231
98,233
98,234
98,235
98,236
98,237
98,238
98,240
98,241
98,242
98,243
98,244
98,245
98,246
98,247
98,248
98,249
98,250
98,251
98,252
98,253
98,254
98,255
98,256
98,257
98,258
98,259
98,260
98,268
98,269
98,270
98,271
98,272
98,273
98,274
98,276
98,277
98,278
98,279
98,280
98,281
98,282
98,284
98,285
98,286
98,287
98,288
98,289
98,290
98,291
98,293
98,294
98,295
98,296
98,297
98,298
98,299
98,300
98,301
98,303
98,304
98,305
98,306
98,307
98,308
98,309
98,310
98,311
98,312
98,314
98,315
98,316
98,317
98,318
98,319
98,320
98,321
98,322
98,323
98,324
98,326
98,327
98,328
98,329
98,330
98,345
98,346
98,347
98,348
98,349
98,350
98,351
98,353
98,354
98,355
98,356
98,357
98,358
99,120
99,121
99,122
99,123
99,124
99,125
99,126
99,127
99,128
99,129
99,130
99,131
99,132
99,133
99,134
99,135
99,136
99,137
99,138
99,139
99,140
99,141
99,142
99,143
99,144
99,145
99,146
99,147
99,156
99,157
99,158
99,159
99,160
99,161
99,162
99,163
99,165
99,166
99,167
99,168
99,169
99,170
99,171
99,172
99,174
99,175
99,176
99,177
99,178
99,179
99,180
99,181
99,182
99,184
99,185
99,186
99,187
99,188
99,189
99,190
99,191
99,192
99,193
99,195
99,196
99,197
99,198
99,199
99,200
99,201
99,202
99,203
99,204
99,205
99,207
99,208
99,209
99,210
99,225
99,226
99,227
99,228
99,229
99,230
99,231
99,232
99,234
99,235
99,236
99,237
99,238
99,240
99,241
99,242
99,243
99,244
99,245
99,246
99,247
99,248
99,249
99,250
99,251
99,252
99,253
99,254
99,255
99,256
99,257
99,258
99,259
99,260
99,261
99,262
99,263
99,264
99,265
99,266
99,267
99,276
99,277
99,278
99,279
99,280
99,281
99,282
99,283
99,285
99,286
99,287
99,288
99,289
99,290
99,291
99,292
99,294
99,295
99,296
99,297
99,298
99,299
99,300
99,301
99,302
99,304
99,305
99,306
99,307
99,308
99,309
99,310
99,311
99,312
99,313
99,315
99,316
99,317
99,318
99,319
99,320
99,321
99,322
99,323
99,324
99,325
99,327
99,328
99,329
99,330
99,345
99,346
99,347
99,348
99,349
99,350
99,351
99,352
99,354
99,355
99,356
99,357
99,358
100,120
100,121
100,122
100,123
100,124
100,125
100,126
100,127
100,128
100,129
100,130
100,131
100,132
100,133
100,134
100,135
100,136
100,137
100,138
100,139
100,140
100,141
100,142
100,143
100,144
100,145
100,146
100,147
100,148
100,149
100,150
100,151
100,152
100,153
100,154
100,155
100,165
100,166
100,167
100,168
100,169
100,170
100,171
100,172
100,173
100,175
100,176
100,177
100,178
100,179
100,180
100,181
100,182
100,183
100,185
100,186
100,187
100,188
100,189
100,190
100,191
100,192
100,193
100,194
100,196
100,197
100,198
100,199
100,200
100,201
100,202
100,203
100,204
100,205
100,206
100,208
100,209
100,210
100,225
100,226
100,227
100,228
100,229
100,230
100,231
100,232
100,233
100,235
100,236
100,237
100,238
100,240
100,241
100,242
100,243
100,244
100,245
100,246
100,247
100,248
100,249
100,250
100,251
100,252
100,253
100,254
100,255
100,256
100,257
100,258
100,259
100,260
100,261
100,262
100,263
100,264
100,265
100,266
100,267
100,268
100,269
100,270
100,271
100,272
100,273
100,274
100,275
100,285
100,286
100,287
100,288
100,289
100,290
100,291
100,292
100,293
100,295
100,296
100,297
100,298
100,299
100,300
100,301
100,302
100,303
100,305
100,306
100,307
100,308
100,309
100,310
100,311
100,312
100,313
100,314
100,316
100,317
100,318
100,319
100,320
100,321
100,322
100,323
100,324
100,325
100,326
100,328
100,329
100,330
100,345
100,346
100,347
100,348
100,349
100,350
100,351
100,352
100,353
100,355
100,356
100,357
100,358
101,120
101,121
101,122
101,123
101,124
101,125
101,126
101,127
101,128
101,129
101,130
101,131
101,132
101,133
101,134
101,135
101,136
101,137
101,138
101,139
101,140
101,141
101,142
101,143
101,144
101,145
101,146
101,147
101,148
101,149
101,150
101,151
101,152
101,153
101,154
101,155
101,156
101,157
101,158
101,159
101,160
101,161
101,162
101,163
101,164
101,175
101,176
101,177
101,178
101,179
101,180
101,181
101,182
101,183
101,184
101,186
101,187
101,188
101,189
101,190
101,191
101,192
101,193
101,194
101,195
101,197
101,198
101,199
101,200
101,201
101,202
101,203
101,204
101,205
101,206
101,207
101,209
101,210
101,225
101,226
101,227
101,228
101,229
101,230
101,231
101,232
101,233
101,234
101,236
101,237
101,238
101,240
101,241
101,242
101,243
101,244
101,245
101,246
101,247
101,248
101,249
101,250
101,251
101,252
101,253
101,254
101,255
101,256
101,257
101,258
101,259
101,260
101,261
101,262
101,263
101,264
101,265
101,266
101,267
101,268
101,269
101,270
101,271
101,272
101,273
101,274
101,275
101,276
101,277
101,278
101,279
101,280
101,281
101,282
101,283
101,284
101,295
101,296
101,297
101,298
101,299
101,300
101,301
101,302
101,303
101,304
101,306
101,307
101,308
101,309
101,310
101,311
101,312
101,313
101,314
101,315
101,317
101,318
101,319
101,320
101,321
101,322
101,323
101,324
101,325
101,326
101,327
101,329
101,330
101,345
101,346
101,347
101,348
101,349
101,350
101,351
101,352
101,353
101,354
101,356
101,357
101,358
102,120
102,121
102,122
102,123
102,124
102,125
102,126
102,127
102,128
102,129
102,130
102,131
102,132
102,133
102,134
102,135
102,136
102,137
102,138
102,139
102,140
102,141
102,142
102,143
102,144
102,145
102,146
102,147
102,148
102,149
102,150
102,151
102,152
102,153
102,154
102,155
102,156
102,157
102,158
102,159
102,160
102,161
102,162
102,163
102,164
102,165
102,166
102,167
102,168
102,169
102,170
102,171
102,172
102,173
102,174
102,186
102,187
102,188
102,189
102,190
102,191
102,192
102,193
102,194
102,195
102,196
102,198
102,199
102,200
102,201
102,202
102,203
102,204
102,205
102,206
102,207
102,208
102,210
102,225
102,226
102,227
102,228
102,229
102,230
102,231
102,232
102,233
102,234
102,235
102,237
102,238
102,240
102,241
102,242
102,243
102,244
102,245
102,246
102,247
102,248
102,249
102,250
102,251
102,252
102,253
102,254
102,255
102,256
102,257
102,258
102,259
102,260
102,261
102,262
102,263
102,264
102,265
102,266
102,267
102,268
102,269
102,270
102,271
102,272
102,273
102,274
102,275
102,276
102,277
102,278
102,279
102,280
102,281
102,282
102,283
102,284
102,285
102,286
102,287
102,288
102,289
102,290
102,291
102,292
102,293
102,294
102,306
102,307
102,308
102,309
102,310
102,311
102,312
102,313
102,314
102,315
102,316
102,318
102,319
102,320
102,321
102,322
102,323
102,324
102,325
102,326
102,327
102,328
102,330
102,345
102,346
102,347
102,348
102,349
102,350
102,351
102,352
102,353
102,354
102,355
102,357
102,358
103,120
103,121
103,122
103,123
103,124
103,125
103,126
103,127
103,128
103,129
103,130
103,131
103,132
103,133
103,134
103,135
103,136
103,137
103,138
103,139
103,140
103,141
103,142
103,143
103,144
103,145
103,146
103,147
103,148
103,149
103,150
103,151
103,152
103,153
103,154
103,155
103,156
103,157
103,158
103,159
103,160
103,161
103,162
103,163
103,164
103,165
103,166
103,167
103,168
103,169
103,170
103,171
103,172
103,173
103,174
103,175
103,176
103,177
103,178
103,179
103,180
103,181
103,182
103,183
103,184
103,185
103,198
103,199
103,200
103,201
103,202
103,203
103,204
103,205
103,206
103,207
103,208
103,209
103,225
103,226
103,227
103,228
103,229
103,230
103,231
103,232
103,233
103,234
103,235
103,236
103,238
103,240
103,241
103,242
103,243
103,244
103,245
103,246
103,247
103,248
103,249
103,250
103,251
103,252
103,253
103,254
103,255
103,256
103,257
103,258
103,259
103,260
103,261
103,262
103,263
103,264
103,265
103,266
103,267
103,268
103,269
103,270
103,271
103,272
103,273
103,274
103,275
103,276
103,277
103,278
103,279
103,280
103,281
103,282
103,283
103,284
103,285
103,286
103,287
103,288
103,289
103,290
103,291
103,292
103,293
103,294
103,295
103,296
103,297
103,298
103,299
103,300
103,301
103,302
103,303
103,304
103,305
103,318
103,319
103,320
103,321
103,322
103,323
103,324
103,325
103,326
103,327
103,328
103,329
103,345
103,346
103,347
103,348
103,349
103,350
103,351
103,352
103,353
103,354
103,355
103,356
103,358
104,120
104,121
104,122
104,123
104,124
104,125
104,126
104,127
104,128
104,129
104,130
104,131
104,132
104,133
104,134
104,135
104,136
104,137
104,138
104,139
104,140
104,141
104,142
104,143
104,144
104,145
104,146
104,147
104,148
104,149
104,150
104,151
104,152
104,153
104,154
104,155
104,156
104,157
104,158
104,159
104,160
104,161
104,162
104,163
104,164
104,165
104,166
104,167
104,168
104,169
104,170
104,171
104,172
104,173
104,174
104,175
104,176
104,177
104,178
104,179
104,180
104,181
104,182
104,183
104,184
104,185
104,186
104,187
104,188
104,189
104,190
104,191
104,192
104,193
104,194
104,195
104,196
104,197
104,225
104,226
104,227
104,228
104,229
104,230
104,231
104,232
104,233
104,234
104,235
104,236
104,237
104,240
104,241
104,242
104,243
104,244
104,245
104,246
104,247
104,248
104,249
104,250
104,251
104,252
104,253
104,254
104,255
104,256
104,257
104,258
104,259
104,260
104,261
104,262
104,263
104,264
104,265
104,266
104,267
104,268
104,269
104,270
104,271
104,272
104,273
104,274
104,275
104,276
104,277
104,278
104,279
104,280
104,281
104,282
104,283
104,284
104,285
104,286
104,287
104,288
104,289
104,290
104,291
104,292
104,293
104,294
104,295
104,296
104,297
104,298
104,299
104,300
104,301
104,302
104,303
104,304
104,305
104,306
104,307
104,308
104,309
104,310
104,311
104,312
104,313
104,314
104,315
104,316
104,317
104,345
104,346
104,347
104,348
104,349
104,350
104,351
104,352
104,353
104,354
104,355
104,356
104,357
105,122
105,124
105,125
105,127
105,128
105,129
105,131
105,132
105,133
105,134
105,136
105,137
105,138
105,139
105,140
105,142
105,143
105,144
105,145
105,146
105,147
105,149
105,150
105,151
105,152
105,153
105,154
105,155
105,157
105,158
105,159
105,160
105,161
105,162
105,163
105,164
105,166
105,167
105,168
105,169
105,170
105,171
105,172
105,173
105,174
105,176
105,177
105,178
105,179
105,180
105,181
105,182
105,183
105,184
105,185
105,187
105,188
105,189
105,190
105,191
105,192
105,193
105,194
105,195
105,196
105,197
105,199
105,200
105,201
105,202
105,203
105,204
105,205
105,206
105,207
105,208
105,209
105,210
105,212
105,213
105,214
105,215
105,216
105,217
105,218
105,219
105,220
105,221
105,222
105,223
105,224
105,242
105,244
105,245
105,247
105,248
105,249
105,251
105,252
105,253
105,254
105,256
105,257
105,258
105,259
105,260
105,262
105,263
105,264
105,265
105,266
105,267
105,269
105,270
105,271
105,272
105,273
105,274
105,275
105,277
105,278
105,279
105,280
105,281
105,282
105,283
105,284
105,286
105,287
105,288
105,289
105,290
105,291
105,292
105,293
105,294
105,296
105,297
105,298
105,299
105,300
105,301
105,302
105,303
105,304
105,305
105,307
105,308
105,309
105,310
105,311
105,312
105,313
105,314
105,315
105,316
105,317
105,319
105,320
105,321
105,322
105,323
105,324
105,325
105,326
105,327
105,328
105,329
105,330
105,332
105,333
105,334
105,335
105,336
105,337
105,338
105,339
105,340
105,341
105,342
105,343
105,344
106,121
106,123
106,125
106,126
106,128
106,129
106,130
106,132
106,133
106,134
106,135
106,137
106,138
106,139
106,140
106,141
106,143
106,144
106,145
106,146
106,147
106,148
106,150
106,151
106,152
106,153
106,154
106,155
106,156
106,158
106,159
106,160
106,161
106,162
106,163
106,164
106,165
106,167
106,168
106,169
106,170
106,171
106,172
106,173
106,174
106,175
106,177
106,178
106,179
106,180
106,181
106,182
106,183
106,184
106,185
106,186
106,188
106,189
106,190
106,191
106,192
106,193
106,194
106,195
106,196
106,197
106,198
106,200
106,201
106,202
106,203
106,204
106,205
106,206
106,207
106,208
106,209
106,210
106,211
106,213
106,214
106,215
106,216
106,217
106,218
106,219
106,220
106,221
106,222
106,223
106,224
106,241
106,243
106,245
106,246
106,248
106,249
106,250
106,252
106,253
106,254
106,255
106,257
106,258
106,259
106,260
106,261
106,263
106,264
106,265
106,266
106,267
106,268
106,270
106,271
106,272
106,273
106,274
106,275
106,276
106,278
106,279
106,280
106,281
106,282
106,283
106,284
106,285
106,287
106,288
106,289
106,290
106,291
106,292
106,293
106,294
106,295
106,297
106,298
106,299
106,300
106,301
106,302
106,303
106,304
106,305
106,306
106,308
106,309
106,310
106,311
106,312
106,313
106,314
106,315
106,316
106,317
106,318
106,320
106,321
106,322
106,323
106,324
106,325
106,326
106,327
106,328
106,329
106,330
106,331
106,333
106,334
106,335
106,336
106,337
106,338
106,339
106,340
106,341
106,342
106,343
106,344
107,120
107,123
107,124
107,126
107,127
107,129
107,130
107,131
107,133
107,134
107,135
107,136
107,138
107,139
107,140
107,141
107,142
107,144
107,145
107,146
107,147
107,148
107,149
107,151
107,152
107,153
107,154
107,155
107,156
107,157
107,159
107,160
107,161
107,162
107,163
107,164
107,165
107,166
107,168
107,169
107,170
107,171
107,172
107,173
107,174
107,175
107,176
107,178
107,179
107,180
107,181
107,182
107,183
107,184
107,185
107,186
107,187
107,189
107,190
107,191
107,192
107,193
107,194
107,195
107,196
107,197
107,198
107,199
107,201
107,202
107,203
107,204
107,205
107,206
107,207
107,208
107,209
107,210
107,211
107,212
107,214
107,215
107,216
107,217
107,218
107,219
107,220
107,221
107,222
107,223
107,224
107,240
107,243
107,244
107,246
107,247
107,249
107,250
107,251
107,253
107,254
107,255
107,256
107,258
107,259
107,260
107,261
107,262
107,264
107,265
107,266
107,267
107,268
107,269
107,271
107,272
107,273
107,274
107,275
107,276
107,277
107,279
107,280
107,281
107,282
107,283
107,284
107,285
107,286
107,288
107,289
107,290
107,291
107,292
107,293
107,294
107,295
107,296
107,298
107,299
107,300
107,301
107,302
107,303
107,304
107,305
107,306
107,307
107,309
107,310
107,311
107,312
107,313
107,314
107,315
107,316
107,317
107,318
107,319
107,321
107,322
107,323
107,324
107,325
107,326
107,327
107,328
107,329
107,330
107,331
107,332
107,334
107,335
107,336
107,337
107,338
107,339
107,340
107,341
107,342
107,343
107,344
108,120
108,121
108,122
108,126
108,127
108,128
108,130
108,131
108,132
108,134
108,135
108,136
108,137
108,139
108,140
108,141
108,142
108,143
108,145
108,146
108,147
108,148
108,149
108,150
108,152
108,153
108,154
108,155
108,156
108,157
108,158
108,160
108,161
108,162
108,163
108,164
108,165
108,166
108,167
108,169
108,170
108,171
108,172
108,173
108,174
108,175
108,176
108,177
108,179
108,180
108,181
108,182
108,183
108,184
108,185
108,186
108,187
108,188
108,190
108,191
108,192
108,193
108,194
108,195
108,196
108,197
108,198
108,199
108,200
108,202
108,203
108,204
108,205
108,206
108,207
108,208
108,209
108,210
108,211
108,212
108,213
108,215
108,216
108,217
108,218
108,219
108,220
108,221
108,222
108,223
108,224
108,240
108,241
108,242
108,246
108,247
108,248
108,250
108,251
108,252
108,254
108,255
108,256
108,257
108,259
108,260
108,261
108,262
108,263
108,265
108,266
108,267
108,268
108,269
108,270
108,272
108,273
108,274
108,275
108,276
108,277
108,278
108,280
108,281
108,282
108,283
108,284
108,285
108,286
108,287
108,289
108,290
108,291
108,292
108,293
108,294
108,295
108,296
108,297
108,299
108,300
108,301
108,302
108,303
108,304
108,305
108,306
108,307
108,308
108,310
108,311
108,312
108,313
108,314
108,315
108,316
108,317
108,318
108,319
108,320
108,322
108,323
108,324
108,325
108,326
108,327
108,328
108,329
108,330
108,331
108,332
108,333
108,335
108,336
108,337
108,338
108,339
108,340
108,341
108,342
108,343
108,344
109,120
109,121
109,122
109,123
109,124
109,125
109,130
109,131
109,132
109,133
109,135
109,136
109,137
109,138
109,140
109,141
109,142
109,143
109,144
109,146
109,147
109,148
109,149
109,150
109,151
109,153
109,154
109,155
109,156
109,157
109,158
109,159
109,161
109,162
109,163
109,164
109,165
109,166
109,167
109,168
109,170
109,171
109,172
109,173
109,174
109,175
109,176
109,177
109,178
109,180
109,181
109,182
109,183
109,184
109,185
109,186
109,187
109,188
109,189
109,191
109,192
109,193
109,194
109,195
109,196
109,197
109,198
109,199
109,200
109,201
109,203
109,204
109,205
109,206
109,207
109,208
109,209
109,210
109,211
109,212
109,213
109,214
109,216
109,217
109,218
109,219
109,220
109,221
109,222
109,223
109,224
109,240
109,241
109,242
109,243
109,244
109,245
109,250
109,251
109,252
109,253
109,255
109,256
109,257
109,258
109,260
109,261
109,262
109,263
109,264
109,266
109,267
109,268
109,269
109,270
109,271
109,273
109,274
109,275
109,276
109,277
109,278
109,279
109,281
109,282
109,283
109,284
109,285
109,286
109,287
109,288
109,290
109,291
109,292
109,293
109,294
109,295
109,296
109,297
109,298
109,300
109,301
109,302
109,303
109,304
109,305
109,306
109,307
109,308
109,309
109,311
109,312
109,313
109,314
109,315
109,316
109,317
109,318
109,319
109,320
109,321
109,323
109,324
109,325
109,326
109,327
109,328
109,329
109,330
109,331
109,332
109,333
109,334
109,336
109,337
109,338
109,339
109,340
109,341
109,342
109,343
109,344
110,120
110,121
110,122
110,123
110,124
110,125
110,126
110,127
110,128
110,129
110,135
110,136
110,137
110,138
110,139
110,141
110,142
110,143
110,144
110,145
110,147
110,148
110,149
110,150
110,151
110,152
110,154
110,155
110,156
110,157
110,158
110,159
110,160
110,162
110,163
110,164
110,165
110,166
110,167
110,168
110,169
110,171
110,172
110,173
110,174
110,175
110,176
110,177
110,178
110,179
110,181
110,182
110,183
110,184
110,185
110,186
110,187
110,188
110,189
110,190
110,192
110,193
110,194
110,195
110,196
110,197
110,198
110,199
110,200
110,201
110,202
110,204
110,205
110,206
110,207
110,208
110,209
110,210
110,211
110,212
110,213
110,214
110,215
110,217
110,218
110,219
110,220
110,221
110,222
110,223
110,224
110,240
110,241
110,242
110,243
110,244
110,245
110,246
110,247
110,248
110,249
110,255
110,256
110,257
110,258
110,259
110,261
110,262
110,263
110,264
110,265
110,267
110,268
110,269
110,270
110,271
110,272
110,274
110,275
110,276
110,277
110,278
110,279
110,280
110,282
110,283
110,284
110,285
110,286
110,287
110,288
110,289
110,291
110,292
110,293
110,294
110,295
110,296
110,297
110,298
110,299
110,301
110,302
110,303
110,304
110,305
110,306
110,307
110,308
110,309
110,310
110,312
110,313
110,314
110,315
110,316
110,317
110,318
110,319
110,320
110,321
110,322
110,324
110,325
110,326
110,327
110,328
110,329
110,330
110,331
110,332
110,333
110,334
110,335
110,337
110,338
110,339
110,340
110,341
110,342
110,343
110,344
111,120
111,121
111,122
111,123
111,124
111,125
111,126
111,127
111,128
111,129
111,130
111,131
111,132
111,133
111,134
111,141
111,142
111,143
111,144
111,145
111,146
111,148
111,149
111,150
111,151
111,152
111,153
111,155
111,156
111,157
111,158
111,159
111,160
111,161
111,163
111,164
111,165
111,166
111,167
111,168
111,169
111,170
111,172
111,173
111,174
111,175
111,176
111,177
111,178
111,179
111,180
111,182
111,183
111,184
111,185
111,186
111,187
111,188
111,189
111,190
111,191
111,193
111,194
111,195
111,196
111,197
111,198
111,199
111,200
111,201
111,202
111,203
111,205
111,206
111,207
111,208
111,209
111,210
111,211
111,212
111,213
111,214
111,215
111,216
111,218
111,219
111,220
111,221
111,222
111,223
111,224
111,240
111,241
111,242
111,243
111,244
111,245
111,246
111,247
111,248
111,249
111,250
111,251
111,252
111,253
111,254
111,261
111,262
111,263
111,264
111,265
111,266
111,268
111,269
111,270
111,271
111,272
111,273
111,275
111,276
111,277
111,278
111,279
111,280
111,281
111,283
111,284
111,285
111,286
111,287
111,288
111,289
111,290
111,292
111,293
111,294
111,295
111,296
111,297
111,298
111,299
111,300
111,302
111,303
111,304
111,305
111,306
111,307
111,308
111,309
111,310
111,311
111,313
111,314
111,315
111,316
111,317
111,318
111,319
111,320
111,321
111,322
111,323
111,325
111,326
111,327
111,328
111,329
111,330
111,331
111,332
111,333
111,334
111,335
111,336
111,338
111,339
111,340
111,341
111,342
111,343
111,344
112,120
112,121
112,122
112,123
112,124
112,125
112,126
112,127
112,128
112,129
112,130
112,131
112,132
112,133
112,134
112,135
112,136
112,137
112,138
112,139
112,140
112,148
112,149
112,150
112,151
112,152
112,153
112,154
112,156
112,157
112,158
112,159
112,160
112,161
112,162
112,164
112,165
112,166
112,167
112,168
112,169
112,170
112,171
112,173
112,174
112,175
112,176
112,177
112,178
112,179
112,180
112,181
112,183
112,184
112,185
112,186
112,187
112,188
112,189
112,190
112,191
112,192
112,194
112,195
112,196
112,197
112,198
112,199
112,200
112,201
112,202
112,203
112,204
112,206
112,207
112,208
112,209
112,210
112,211
112,212
112,213
112,214
112,215
112,216
112,217
112,219
112,220
112,221
112,222
112,223
112,224
112,240
112,241
112,242
112,243
112,244
112,245
112,246
112,247
112,248
112,249
112,250
112,251
112,252
112,253
112,254
112,255
112,256
112,257
112,258
112,259
112,260
112,268
112,269
112,270
112,271
112,272
112,273
112,274
112,276
112,277
112,278
112,279
112,280
112,281
112,282
112,284
112,285
112,286
112,287
112,288
112,289
112,290
112,291
112,293
112,294
112,295
112,296
112,297
112,298
112,299
112,300
112,301
112,303
112,304
112,305
112,306
112,307
112,308
112,309
112,310
112,311
112,312
112,314
112,315
112,316
112,317
112,318
112,319
112,320
112,321
112,322
112,323
112,324
112,326
112,327
112,328
112,329
112,330
112,331
112,332
112,333
112,334
112,335
112,336
112,337
112,339
112,340
112,341
112,342
112,343
112,344
113,120
113,121
113,122
113,123
113,124
113,125
113,126
113,127
113,128
113,129
113,130
113,131
113,132
113,133
113,134
113,135
113,136
113,137
113,138
113,139
113,140
113,141
113,142
113,143
113,144
113,145
113,146
113,147
113,156
113,157
113,158
113,159
113,160
113,161
113,162
113,163
113,165
113,166
113,167
113,168
113,169
113,170
113,171
113,172
113,174
113,175
113,176
113,177
113,178
113,179
113,180
113,181
113,182
113,184
113,185
113,186
113,187
113,188
113,189
113,190
113,191
113,192
113,193
113,195
113,196
113,197
113,198
113,199
113,200
113,201
113,202
113,203
113,204
113,205
113,207
113,208
113,209
113,210
113,211
113,212
113,213
113,214
113,215
113,216
113,217
113,218
113,220
113,221
113,222
113,223
113,224
113,240
113,241
113,242
113,243
113,244
113,245
113,246
113,247
113,248
113,249
113,250
113,251
113,252
113,253
113,254
113,255
113,256
113,257
113,258
113,259
113,260
113,261
113,262
113,263
113,264
113,265
113,266
113,267
113,276
113,277
113,278
113,279
113,280
113,281
113,282
113,283
113,285
113,286
113,287
113,288
113,289
113,290
113,291
113,292
113,294
113,295
113,296
113,297
113,298
113,299
113,300
113,301
113,302
113,304
113,305
113,306
113,307
113,308
113,309
113,310
113,311
113,312
113,313
113,315
113,316
113,317
113,318
113,319
113,320
113,321
113,322
113,323
113,324
113,325
113,327
113,328
113,329
113,330
113,331
113,332
113,333
113,334
113,335
113,336
113,337
113,338
113,340
113,341
113,342
113,343
113,344
114,120
114,121
114,122
114,123
114,124
114,125
114,126
114,127
114,128
114,129
114,130
114,131
114,132
114,133
114,134
114,135
114,136
114,137
114,138
114,139
114,140
114,141
114,142
114,143
114,144
114,145
114,146
114,147
114,148
114,149
114,150
114,151
114,152
114,153
114,154
114,155
114,165
114,166
114,167
114,168
114,169
114,170
114,171
114,172
114,173
114,175
114,176
114,177
114,178
114,179
114,180
114,181
114,182
114,183
114,185
114,186
114,187
114,188
114,189
114,190
114,191
114,192
114,193
114,194
114,196
114,197
114,198
114,199
114,200
114,201
114,202
114,203
114,204
114,205
114,206
114,208
114,209
114,210
114,211
114,212
114,213
114,214
114,215
114,216
114,217
114,218
114,219
114,221
114,222
114,223
114,224
114,240
114,241
114,242
114,243
114,244
114,245
114,246
114,247
114,248
114,249
114,250
114,251
114,252
114,253
114,254
114,255
114,256
114,257
114,258
114,259
114,260
114,261
114,262
114,263
114,264
114,265
114,266
114,267
114,268
114,269
114,270
114,271
114,272
114,273
114,274
114,275
114,285
114,286
114,287
114,288
114,289
114,290
114,291
114,292
114,293
114,295
114,296
114,297
114,298
114,299
114,300
114,301
114,302
114,303
114,305
114,306
114,307
114,308
114,309
114,310
114,311
114,312
114,313
114,314
114,316
114,317
114,318
114,319
114,320
114,321
114,322
114,323
114,324
114,325
114,326
114,328
114,329
114,330
114,331
114,332
114,333
114,334
114,335
114,336
114,337
114,338
114,339
114,341
114,342
114,343
114,344
115,120
115,121
115,122
115,123
115,124
115,125
115,126
115,127
115,128
115,129
115,130
115,131
115,132
115,133
115,134
115,135
115,136
115,137
115,138
115,139
115,140
115,141
115,142
115,143
115,144
115,145
115,146
115,147
115,148
115,149
115,150
115,151
115,152
115,153
115,154
115,155
115,156
115,157
115,158
115,159
115,160
115,161
115,162
115,163
115,164
115,175
115,176
115,177
115,178
115,179
115,180
115,181
115,182
115,183
115,184
115,186
115,187
115,188
115,189
115,190
115,191
115,192
115,193
115,194
115,195
115,197
115,198
115,199
115,200
115,201
115,202
115,203
115,204
115,205
115,206
115,207
115,209
115,210
115,211
115,212
115,213
115,214
115,215
115,216
115,217
115,218
115,219
115,220
115,222
115,223
115,224
115,240
115,241
115,242
115,243
115,244
115,245
115,246
115,247
115,248
115,249
115,250
115,251
115,252
115,253
115,254
115,255
115,256
115,257
115,258
115,259
115,260
115,261
115,262
115,263
115,264
115,265
115,266
115,267
115,268
115,269
115,270
115,271
115,272
115,273
115,274
115,275
115,276
115,277
115,278
115,279
115,280
115,281
115,282
115,283
115,284
115,295
115,296
115,297
115,298
115,299
115,300
115,301
115,302
115,303
115,304
115,306
115,307
115,308
115,309
115,310
115,311
115,312
115,313
115,314
115,315
115,317
115,318
115,319
115,320
115,321
115,322
115,323
115,324
115,325
115,326
115,327
115,329
115,330
115,331
115,332
115,333
115,334
115,335
115,336
115,337
115,338
115,339
115,340
115,342
115,343
115,344
116,120
116,121
116,122
116,123
116,124
116,125
116,126
116,127
116,128
116,129
116,130
116,131
116,132
116,133
116,134
116,135
116,136
116,137
116,138
116,139
116,140
116,141
116,142
116,143
116,144
116,145
116,146
116,147
116,148
116,149
116,150
116,151
116,152
116,153
116,154
116,155
116,156
116,157
116,158
116,159
116,160
116,161
116,162
116,163
116,164
116,165
116,166
116,167
116,168
116,169
116,170
116,171
116,172
116,173
116,174
116,186
116,187
116,188
116,189
116,190
116,191
116,192
116,193
116,194
116,195
116,196
116,198
116,199
116,200
116,201
116,202
116,203
116,204
116,205
116,206
116,207
116,208
116,210
116,211
116,212
116,213
116,214
116,215
116,216
116,217
116,218
116,219
116,220
116,221
116,223
116,224
116,240
116,241
116,242
116,243
116,244
116,245
116,246
116,247
116,248
116,249
116,250
116,251
116,252
116,253
116,254
116,255
116,256
116,257
116,258
116,259
116,260
116,261
116,262
116,263
116,264
116,265
116,266
116,267
116,268
116,269
116,270
116,271
116,272
116,273
116,274
116,275
116,276
116,277
116,278
116,279
116,280
116,281
116,282
116,283
116,284
116,285
116,286
116,287
116,288
116,289
116,290
116,291
116,292
116,293
116,294
116,306
116,307
116,308
116,309
116,310
116,311
116,312
116,313
116,314
116,315
116,316
116,318
116,319
116,320
116,321
116,322
116,323
116,324
116,325
116,326
116,327
116,328
116,330
116,331
116,332
116,333
116,334
116,335
116,336
116,337
116,338
116,339
116,340
116,341
116,343
116,344
117,120
117,121
117,122
117,123
117,124
117,125
117,126
117,127
117,128
117,129
117,130
117,131
117,132
117,133
117,134
117,135
117,136
117,137
117,138
117,139
117,140
117,141
117,142
117,143
117,144
117,145
117,146
117,147
117,148
117,149
117,150
117,151
117,152
117,153
117,154
117,155
117,156
117,157
117,158
117,159
117,160
117,161
117,162
117,163
117,164
117,165
117,166
117,167
117,168
117,169
117,170
117,171
117,172
117,173
117,174
117,175
117,176
117,177
117,178
117,179
117,180
117,181
117,182
117,183
117,184
117,185
117,198
117,199
117,200
117,201
117,202
117,203
117,204
117,205
117,206
117,207
117,208
117,209
117,211
117,212
117,213
117,214
117,215
117,216
117,217
117,218
117,219
117,220
117,221
117,222
117,224
117,240
117,241
117,242
117,243
117,244
117,245
117,246
117,247
117,248
117,249
117,250
117,251
117,252
117,253
117,254
117,255
117,256
117,257
117,258
117,259
117,260
117,261
117,262
117,263
117,264
117,265
117,266
117,267
117,268
117,269
117,270
117,271
117,272
117,273
117,274
117,275
117,276
117,277
117,278
117,279
117,280
117,281
117,282
117,283
117,284
117,285
117,286
117,287
117,288
117,289
117,290
117,291
117,292
117,293
117,294
117,295
117,296
117,297
117,298
117,299
117,300
117,301
117,302
117,303
117,304
117,305
117,318
117,319
117,320
117,321
117,322
117,323
117,324
117,325
117,326
117,327
117,328
117,329
117,331
117,332
117,333
117,334
117,335
117,336
117,337
117,338
117,339
117,340
117,341
117,342
117,344
118,120
118,121
118,122
118,123
118,124
118,125
118,126
118,127
118,128
118,129
118,130
118,131
118,132
118,133
118,134
118,135
118,136
118,137
118,138
118,139
118,140
118,141
118,142
118,143
118,144
118,145
118,146
118,147
118,148
118,149
118,150
118,151
118,152
118,153
118,154
118,155
118,156
118,157
118,158
118,159
118,160
118,161
118,162
118,163
118,164
118,165
118,166
118,167
118,168
118,169
118,170
118,171
118,172
118,173
118,174
118,175
118,176
118,177
118,178
118,179
118,180
118,181
118,182
118,183
118,184
118,185
118,186
118,187
118,188
118,189
118,190
118,191
118,192
118,193
118,194
118,195
118,196
118,197
118,211
118,212
118,213
118,214
118,215
118,216
118,217
118,218
118,219
118,220
118,221
118,222
118,223
118,240
118,241
118,242
118,243
118,244
118,245
118,246
118,247
118,248
118,249
118,250
118,251
118,252
118,253
118,254
118,255
118,256
118,257
118,258
118,259
118,260
118,261
118,262
118,263
118,264
118,265
118,266
118,267
118,268
118,269
118,270
118,271
118,272
118,273
118,274
118,275
118,276
118,277
118,278
118,279
118,280
118,281
118,282
118,283
118,284
118,285
118,286
118,287
118,288
118,289
118,290
118,291
118,292
118,293
118,294
118,295
118,296
118,297
118,298
118,299
118,300
118,301
118,302
118,303
118,304
118,305
118,306
118,307
118,308
118,309
118,310
118,311
118,312
118,313
118,314
118,315
118,316
118,317
118,331
118,332
118,333
118,334
118,335
118,336
118,337
118,338
118,339
118,340
118,341
118,342
118,343
119,120
119,121
119,122
119,123
119,124
119,125
119,126
119,127
119,128
119,129
119,130
119,131
119,132
119,133
119,134
119,135
119,136
119,137
119,138
119,139
119,140
119,141
119,142
119,143
119,144
119,145
119,146
119,147
119,148
119,149
119,150
119,151
119,152
119,153
119,154
119,155
119,156
119,157
119,158
119,159
119,160
119,161
119,162
119,163
119,164
119,165
119,166
119,167
119,168
119,169
119,170
119,171
119,172
119,173
119,174
119,175
119,176
119,177
119,178
119,179
119,180
119,181
119,182
119,183
119,184
119,185
119,186
119,187
119,188
119,189
119,190
119,191
119,192
119,193
119,194
119,195
119,196
119,197
119,198
119,199
119,200
119,201
119,202
119,203
119,204
119,205
119,206
119,207
119,208
119,209
119,210
119,240
119,241
119,242
119,243
119,244
119,245
119,246
119,247
119,248
119,249
119,250
119,251
119,252
119,253
119,254
119,255
119,256
119,257
119,258
119,259
119,260
119,261
119,262
119,263
119,264
119,265
119,266
119,267
119,268
119,269
119,270
119,271
119,272
119,273
119,274
119,275
119,276
119,277
119,278
119,279
119,280
119,281
119,282
119,283
119,284
119,285
119,286
119,287
119,288
119,289
119,290
119,291
119,292
119,293
119,294
119,295
119,296
119,297
119,298
119,299
119,300
119,301
119,302
119,303
119,304
119,305
119,306
119,307
119,308
119,309
119,310
119,311
119,312
119,313
119,314
119,315
119,316
119,317
119,318
119,319
119,320
119,321
119,322
119,323
119,324
119,325
119,326
119,327
119,328
119,329
119,330
120,245
120,248
120,249
120,252
120,253
120,254
120,257
120,258
120,259
120,260
120,263
120,264
120,265
120,266
120,267
120,270
120,271
120,272
120,273
120,274
120,275
120,278
120,279
120,280
120,281
120,282
120,283
120,284
120,287
120,288
120,289
120,290
120,291
120,292
120,293
120,294
120,297
120,298
120,299
120,300
120,301
120,302
120,303
120,304
120,305
120,308
120,309
120,310
120,311
120,312
120,313
120,314
120,315
120,316
120,317
120,320
120,321
120,322
120,323
120,324
120,325
120,326
120,327
120,328
120,329
120,330
120,333
120,334
120,335
120,336
120,337
120,338
120,339
120,340
120,341
120,342
120,343
120,344
120,347
120,348
120,349
120,350
120,351
120,352
120,353
120,354
120,355
120,356
120,357
120,358
120,359
121,244
121,247
121,249
121,251
121,253
121,254
121,256
121,258
121,259
121,260
121,262
121,264
121,265
121,266
121,267
121,269
121,271
121,272
121,273
121,274
121,275
121,277
121,279
121,280
121,281
121,282
121,283
121,284
121,286
121,288
121,289
121,290
121,291
121,292
121,293
121,294
121,296
121,298
121,299
121,300
121,301
121,302
121,303
121,304
121,305
121,307
121,309
121,310
121,311
121,312
121,313
121,314
121,315
121,316
121,317
121,319
121,321
121,322
121,323
121,324
121,325
121,326
121,327
121,328
121,329
121,330
121,332
121,334
121,335
121,336
121,337
121,338
121,339
121,340
121,341
121,342
121,343
121,344
121,346
121,348
121,349
121,350
121,351
121,352
121,353
121,354
121,355
121,356
121,357
121,358
121,359
122,243
122,246
122,249
122,250
122,253
122,254
122,255
122,258
122,259
122,260
122,261
122,264
122,265
122,266
122,267
122,268
122,271
122,272
122,273
122,274
122,275
122,276
122,279
122,280
122,281
122,282
122,283
122,284
122,285
122,288
122,289
122,290
122,291
122,292
122,293
122,294
122,295
122,298
122,299
122,300
122,301
122,302
122,303
122,304
122,305
122,306
122,309
122,310
122,311
122,312
122,313
122,314
122,315
122,316
122,317
122,318
122,321
122,322
122,323
122,324
122,325
122,326
122,327
122,328
122,329
122,330
122,331
122,334
122,335
122,336
122,337
122,338
122,339
122,340
122,341
122,342
122,343
122,344
122,345
122,348
122,349
122,350
122,351
122,352
122,353
122,354
122,355
122,356
122,357
122,358
122,359
123,242
123,247
123,248
123,251
123,252
123,254
123,256
123,257
123,259
123,260
123,262
123,263
123,265
123,266
123,267
123,269
123,270
123,272
123,273
123,274
123,275
123,277
123,278
123,280
123,281
123,282
123,283
123,284
123,286
123,287
123,289
123,290
123,291
123,292
123,293
123,294
123,296
123,297
123,299
123,300
123,301
123,302
123,303
123,304
123,305
123,307
123,308
123,310
123,311
123,312
123,313
123,314
123,315
123,316
123,317
123,319
123,320
123,322
123,323
123,324
123,325
123,326
123,327
123,328
123,329
123,330
123,332
123,333
123,335
123,336
123,337
123,338
123,339
123,340
123,341
123,342
123,343
123,344
123,346
123,347
123,349
123,350
123,351
123,352
123,353
123,354
123,355
123,356
123,357
123,358
123,359
124,241
124,246
124,248
124,250
124,252
124,254
124,255
124,257
124,259
124,260
124,261
124,263
124,265
124,266
124,267
124,268
124,270
124,272
124,273
124,274
124,275
124,276
124,278
124,280
124,281
124,282
124,283
124,284
124,285
124,287
124,289
124,290
124,291
124,292
124,293
124,294
124,295
124,297
124,299
124,300
124,301
124,302
124,303
124,304
124,305
124,306
124,308
124,310
124,311
124,312
124,313
124,314
124,315
124,316
124,317
124,318
124,320
124,322
124,323
124,324
124,325
124,326
124,327
124,328
124,329
124,330
124,331
124,333
124,335
124,336
124,337
124,338
124,339
124,340
124,341
124,342
124,343
124,344
124,345
124,347
124,349
124,350
124,351
124,352
124,353
124,354
124,355
124,356
124,357
124,358
124,359
125,240
125,246
125,247
125,250
125,251
125,254
125,255
125,256
125,259
125,260
125,261
125,262
125,265
125,266
125,267
125,268
125,269
125,272
125,273
125,274
125,275
125,276
125,277
125,280
125,281
125,282
125,283
125,284
125,285
125,286
125,289
125,290
125,291
125,292
125,293
125,294
125,295
125,296
125,299
125,300
125,301
125,302
125,303
125,304
125,305
125,306
125,307
125,310
125,311
125,312
125,313
125,314
125,315
125,316
125,317
125,318
125,319
125,322
125,323
125,324
125,325
125,326
125,327
125,328
125,329
125,330
125,331
125,332
125,335
125,336
125,337
125,338
125,339
125,340
125,341
125,342
125,343
125,344
125,345
125,346
125,349
125,350
125,351
125,352
125,353
125,354
125,355
125,356
125,357
125,358
125,359
126,242
126,244
126,245
126,251
126,252
126,253
126,256
126,257
126,258
126,260
126,262
126,263
126,264
126,266
126,267
126,269
126,270
126,271
126,273
126,274
126,275
126,277
126,278
126,279
126,281
126,282
126,283
126,284
126,286
126,287
126,288
126,290
126,291
126,292
126,293
126,294
126,296
126,297
126,298
126,300
126,301
126,302
126,303
126,304
126,305
126,307
126,308
126,309
126,311
126,312
126,313
126,314
126,315
126,316
126,317
126,319
126,320
126,321
126,323
126,324
126,325
126,326
126,327
126,328
126,329
126,330
126,332
126,333
126,334
126,336
126,337
126,338
126,339
126,340
126,341
126,342
126,343
126,344
126,346
126,347
126,348
126,350
126,351
126,352
126,353
126,354
126,355
126,356
126,357
126,358
126,359
127,241
127,243
127,245
127,250
127,252
127,253
127,255
127,257
127,258
127,260
127,261
127,263
127,264
127,266
127,267
127,268
127,270
127,271
127,273
127,274
127,275
127,276
127,278
127,279
127,281
127,282
127,283
127,284
127,285
127,287
127,288
127,290
127,291
127,292
127,293
127,294
127,295
127,297
127,298
127,300
127,301
127,302
127,303
127,304
127,305
127,306
127,308
127,309
127,311
127,312
127,313
127,314
127,315
127,316
127,317
127,318
127,320
127,321
127,323
127,324
127,325
127,326
127,327
127,328
127,329
127,330
127,331
127,333
127,334
127,336
127,337
127,338
127,339
127,340
127,341
127,342
127,343
127,344
127,345
127,347
127,348
127,350
127,351
127,352
127,353
127,354
127,355
127,356
127,357
127,358
127,359
128,240
128,243
128,244
128,250
128,251
128,253
128,255
128,256
128,258
128,260
128,261
128,262
128,264
128,266
128,267
128,268
128,269
128,271
128,273
128,274
128,275
128,276
128,277
128,279
128,281
128,282
128,283
128,284
128,285
128,286
128,288
128,290
128,291
128,292
128,293
128,294
128,295
128,296
128,298
128,300
128,301
128,302
128,303
128,304
128,305
128,306
128,307
128,309
128,311
128,312
128,313
128,314
128,315
128,316
128,317
128,318
128,319
128,321
128,323
128,324
128,325
128,326
128,327
128,328
128,329
128,330
128,331
128,332
128,334
128,336
128,337
128,338
128,339
128,340
128,341
128,342
128,343
128,344
128,345
128,346
128,348
128,350
128,351
128,352
128,353
128,354
128,355
128,356
128,357
128,358
128,359
129,240
129,241
129,242
129,250
129,251
129,252
129,255
129,256
129,257
129,260
129,261
129,262
129,263
129,266
129,267
129,268
129,269
129,270
129,273
129,274
129,275
129,276
129,277
129,278
129,281
129,282
129,283
129,284
129,285
129,286
129,287
129,290
129,291
129,292
129,293
129,294
129,295
129,296
129,297
129,300
129,301
129,302
129,303
129,304
129,305
129,306
129,307
129,308
129,311
129,312
129,313
129,314
129,315
129,316
129,317
129,318
129,319
129,320
129,323
129,324
129,325
129,326
129,327
129,328
129,329
129,330
129,331
129,332
129,333
129,336
129,337
129,338
129,339
129,340
129,341
129,342
129,343
129,344
129,345
129,346
129,347
129,350
129,351
129,352
129,353
129,354
129,355
129,356
129,357
129,358
129,359
130,242
130,244
130,245
130,247
130,248
130,249
130,256
130,257
130,258
130,259
130,262
130,263
130,264
130,265
130,267
130,269
130,270
130,271
130,272
130,274
130,275
130,277
130,278
130,279
130,280
130,282
130,283
130,284
130,286
130,287
130,288
130,289
130,291
130,292
130,293
130,294
130,296
130,297
130,298
130,299
130,301
130,302
130,303
130,304
130,305
130,307
130,308
130,309
130,310
130,312
130,313
130,314
130,315
130,316
130,317
130,319
130,320
130,321
130,322
130,324
130,325
130,326
130,327
130,328
130,329
130,330
130,332
130,333
130,334
130,335
130,337
130,338
130,339
130,340
130,341
130,342
130,343
130,344
130,346
130,347
130,348
130,349
130,351
130,352
130,353
130,354
130,355
130,356
130,357
130,358
130,359
131,241
131,243
131,245
131,246
131,248
131,249
131,255
131,257
131,258
131,259
131,261
131,263
131,264
131,265
131,267
131,268
131,270
131,271
131,272
131,274
131,275
131,276
131,278
131,279
131,280
131,282
131,283
131,284
131,285
131,287
131,288
131,289
131,291
131,292
131,293
131,294
131,295
131,297
131,298
131,299
131,301
131,302
131,303
131,304
131,305
131,306
131,308
131,309
131,310
131,312
131,313
131,314
131,315
131,316
131,317
131,318
131,320
131,321
131,322
131,324
131,325
131,326
131,327
131,328
131,329
131,330
131,331
131,333
131,334
131,335
131,337
131,338
131,339
131,340
131,341
131,342
131,343
131,344
131,345
131,347
131,348
131,349
131,351
131,352
131,353
131,354
131,355
131,356
131,357
131,358
131,359
132,240
132,243
132,244
132,246
132,247
132,249
132,255
132,256
132,258
132,259
132,261
132,262
132,264
132,265
132,267
132,268
132,269
132,271
132,272
132,274
132,275
132,276
132,277
132,279
132,280
132,282
132,283
132,284
132,285
132,286
132,288
132,289
132,291
132,292
132,293
132,294
132,295
132,296
132,298
132,299
132,301
132,302
132,303
132,304
132,305
132,306
132,307
132,309
132,310
132,312
132,313
132,314
132,315
132,316
132,317
132,318
132,319
132,321
132,322
132,324
132,325
132,326
132,327
132,328
132,329
132,330
132,331
132,332
132,334
132,335
132,337
132,338
132,339
132,340
132,341
132,342
132,343
132,344
132,345
132,346
132,348
132,349
132,351
132,352
132,353
132,354
132,355
132,356
132,357
132,358
132,359
133,240
133,241
133,242
133,246
133,247
133,248
133,255
133,256
133,257
133,259
133,261
133,262
133,263
133,265
133,267
133,268
133,269
133,270
133,272
133,274
133,275
133,276
133,277
133,278
133,280
133,282
133,283
133,284
133,285
133,286
133,287
133,289
133,291
133,292
133,293
133,294
133,295
133,296
133,297
133,299
133,301
133,302
133,303
133,304
133,305
133,306
133,307
133,308
133,310
133,312
133,313
133,314
133,315
133,316
133,317
133,318
133,319
133,320
133,322
133,324
133,325
133,326
133,327
133,328
133,329
133,330
133,331
133,332
133,333
133,335
133,337
133,338
133,339
133,340
133,341
133,342
133,343
133,344
133,345
133,346
133,347
133,349
133,351
133,352
133,353
133,354
133,355
133,356
133,357
133,358
133,359
134,240
134,241
134,242
134,243
134,244
134,245
134,255
134,256
134,257
134,258
134,261
134,262
134,263
134,264
134,267
134,268
134,269
134,270
134,271
134,274
134,275
134,276
134,277
134,278
134,279
134,282
134,283
134,284
134,285
134,286
134,287
134,288
134,291
134,292
134,293
134,294
134,295
134,296
134,297
134,298
134,301
134,302
134,303
134,304
134,305
134,306
134,307
134,308
134,309
134,312
134,313
134,314
134,315
134,316
134,317
134,318
134,319
134,320
134,321
134,324
134,325
134,326
134,327
134,328
134,329
134,330
134,331
134,332
134,333
134,334
134,337
134,338
134,339
134,340
134,341
134,342
134,343
134,344
134,345
134,346
134,347
134,348
134,351
134,352
134,353
134,354
134,355
134,356
134,357
134,358
134,359
135,242
135,244
135,245
135,247
135,248
135,249
135,251
135,252
135,253
135,254
135,262
135,263
135,264
135,265
135,266
135,269
135,270
135,271
135,272
135,273
135,275
135,277
135,278
135,279
135,280
135,281
135,283
135,284
135,286
135,287
135,288
135,289
135,290
135,292
135,293
135,294
135,296
135,297
135,298
135,299
135,300
135,302
135,303
135,304
135,305
135,307
135,308
135,309
135,310
135,311
135,313
135,314
135,315
135,316
135,317
135,319
135,320
135,321
135,322
135,323
135,325
135,326
135,327
135,328
135,329
135,330
135,332
135,333
135,334
135,335
135,336
135,338
135,339
135,340
135,341
135,342
135,343
135,344
135,346
135,347
135,348
135,349
135,350
135,352
135,353
135,354
135,355
135,356
135,357
135,358
135,359
136,241
136,243
136,245
136,246
136,248
136,249
136,250
136,252
136,253
136,254
136,261
136,263
136,264
136,265
136,266
136,268
136,270
136,271
136,272
136,273
136,275
136,276
136,278
136,279
136,280
136,281
136,283
136,284
136,285
136,287
136,288
136,289
136,290
136,292
136,293
136,294
136,295
136,297
136,298
136,299
136,300
136,302
136,303
136,304
136,305
136,306
136,308
136,309
136,310
136,311
136,313
136,314
136,315
136,316
136,317
136,318
136,320
136,321
136,322
136,323
136,325
136,326
136,327
136,328
136,329
136,330
136,331
136,333
136,334
136,335
136,336
136,338
136,339
136,340
136,341
136,342
136,343
136,344
136,345
136,347
136,348
136,349
136,350
136,352
136,353
136,354
136,355
136,356
136,357
136,358
136,359
137,240
137,243
137,244
137,246
137,247
137,249
137,250
137,251
137,253
137,254
137,261
137,262
137,264
137,265
137,266
137,268
137,269
137,271
137,272
137,273
137,275
137,276
137,277
137,279
137,280
137,281
137,283
137,284
137,285
137,286
137,288
137,289
137,290
137,292
137,293
137,294
137,295
137,296
137,298
137,299
137,300
137,302
137,303
137,304
137,305
137,306
137,307
137,309
137,310
137,311
137,313
137,314
137,315
137,316
137,317
137,318
137,319
137,321
137,322
137,323
137,325
137,326
137,327
137,328
137,329
137,330
137,331
137,332
137,334
137,335
137,336
137,338
137,339
137,340
137,341
137,342
137,343
137,344
137,345
137,346
137,348
137,349
137,350
137,352
137,353
137,354
137,355
137,356
137,357
137,358
137,359
138,240
138,241
138,242
138,246
138,247
138,248
138,250
138,251
138,252
138,254
138,261
138,262
138,263
138,265
138,266
138,268
138,269
138,270
138,272
138,273
138,275
138,276
138,277
138,278
138,280
138,281
138,283
138,284
138,285
138,286
138,287
138,289
138,290
138,292
138,293
138,294
138,295
138,296
138,297
138,299
138,300
138,302
138,303
138,304
138,305
138,306
138,307
138,308
138,310
138,311
138,313
138,314
138,315
138,316
138,317
138,318
138,319
138,320
138,322
138,323
138,325
138,326
138,327
138,328
138,329
138,330
138,331
138,332
138,333
138,335
138,336
138,338
138,339
138,340
138,341
138,342
138,343
138,344
138,345
138,346
138,347
138,349
138,350
138,352
138,353
138,354
138,355
138,356
138,357
138,358
138,359
139,240
139,241
139,242
139,243
139,244
139,245
139,250
139,251
139,252
139,253
139,261
139,262
139,263
139,264
139,266
139,268
139,269
139,270
139,271
139,273
139,275
139,276
139,277
139,278
139,279
139,281
139,283
139,284
139,285
139,286
139,287
139,288
139,290
139,292
139,293
139,294
139,295
139,296
139,297
139,298
139,300
139,302
139,303
139,304
139,305
139,306
139,307
139,308
139,309
139,311
139,313
139,314
139,315
139,316
139,317
139,318
139,319
139,320
139,321
139,323
139,325
139,326
139,327
139,328
139,329
139,330
139,331
139,332
139,333
139,334
139,336
139,338
139,339
139,340
139,341
139,342
139,343
139,344
139,345
139,346
139,347
139,348
139,350
139,352
139,353
139,354
139,355
139,356
139,357
139,358
139,359
140,240
140,241
140,242
140,243
140,244
140,245
140,246
140,247
140,248
140,249
140,261
140,262
140,263
140,264
140,265
140,268
140,269
140,270
140,271
140,272
140,275
140,276
140,277
140,278
140,279
140,280
140,283
140,284
140,285
140,286
140,287
140,288
140,289
140,292
140,293
140,294
140,295
140,296
140,297
140,298
140,299
140,302
140,303
140,304
140,305
140,306
140,307
140,308
140,309
140,310
140,313
140,314
140,315
140,316
140,317
140,318
140,319
140,320
140,321
140,322
140,325
140,326
140,327
140,328
140,329
140,330
140,331
140,332
140,333
140,334
140,335
140,338
140,339
140,340
140,341
140,342
140,343
140,344
140,345
140,346
140,347
140,348
140,349
140,352
140,353
140,354
140,355
140,356
140,357
140,358
140,359
141,242
141,244
141,245
141,247
141,248
141,249
141,251
141,252
141,253
141,254
141,256
141,257
141,258
141,259
141,260
141,269
141,270
141,271
141,272
141,273
141,274
141,277
141,278
141,279
141,280
141,281
141,282
141,284
141,286
141,287
141,288
141,289
141,290
141,291
141,293
141,294
141,296
141,297
141,298
141,299
141,300
141,301
141,303
141,304
141,305
141,307
141,308
141,309
141,310
141,311
141,312
141,314
141,315
141,316
141,317
141,319
141,320
141,321
141,322
141,323
141,324
141,326
141,327
141,328
141,329
141,330
141,332
141,333
141,334
141,335
141,336
141,337
141,339
141,340
141,341
141,342
141,343
141,344
141,346
141,347
141,348
141,349
141,350
141,351
141,353
141,354
141,355
141,356
141,357
141,358
141,359
142,241
142,243
142,245
142,246
142,248
142,249
142,250
142,252
142,253
142,254
142,255
142,257
142,258
142,259
142,260
142,268
142,270
142,271
142,272
142,273
142,274
142,276
142,278
142,279
142,280
142,281
142,282
142,284
142,285
142,287
142,288
142,289
142,290
142,291
142,293
142,294
142,295
142,297
142,298
142,299
142,300
142,301
142,303
142,304
142,305
142,306
142,308
142,309
142,310
142,311
142,312
142,314
142,315
142,316
142,317
142,318
142,320
142,321
142,322
142,323
142,324
142,326
142,327
142,328
142,329
142,330
142,331
142,333
142,334
142,335
142,336
142,337
142,339
142,340
142,341
142,342
142,343
142,344
142,345
142,347
142,348
142,349
142,350
142,351
142,353
142,354
142,355
142,356
142,357
142,358
142,359
143,240
143,243
143,244
143,246
143,247
143,249
143,250
143,251
143,253
143,254
143,255
143,256
143,258
143,259
143,260
143,268
143,269
143,271
143,272
143,273
143,274
143,276
143,277
143,279
143,280
143,281
143,282
143,284
143,285
143,286
143,288
143,289
143,290
143,291
143,293
143,294
143,295
143,296
143,298
143,299
143,300
143,301
143,303
143,304
143,305
143,306
143,307
143,309
143,310
143,311
143,312
143,314
143,315
143,316
143,317
143,318
143,319
143,321
143,322
143,323
143,324
143,326
143,327
143,328
143,329
143,330
143,331
143,332
143,334
143,335
143,336
143,337
143,339
143,340
143,341
143,342
143,343
143,344
143,345
143,346
143,348
143,349
143,350
143,351
143,353
143,354
143,355
143,356
143,357
143,358
143,359
144,240
144,241
144,242
144,246
144,247
144,248
144,250
144,251
144,252
144,254
144,255
144,256
144,257
144,259
144,260
144,268
144,269
144,270
144,272
144,273
144,274
144,276
144,277
144,278
144,280
144,281
144,282
144,284
144,285
144,286
144,287
144,289
144,290
144,291
144,293
144,294
144,295
144,296
144,297
144,299
144,300
144,301
144,303
144,304
144,305
144,306
144,307
144,308
144,310
144,311
144,312
144,314
144,315
144,316
144,317
144,318
144,319
144,320
144,322
144,323
144,324
144,326
144,327
144,328
144,329
144,330
144,331
144,332
144,333
144,335
144,336
144,337
144,339
144,340
144,341
144,342
144,343
144,344
144,345
144,346
144,347
144,349
144,350
144,351
144,353
144,354
144,355
144,356
144,357
144,358
144,359
145,240
145,241
145,242
145,243
145,244
145,245
145,250
145,251
145,252
145,253
145,255
145,256
145,257
145,258
145,260
145,268
145,269
145,270
145,271
145,273
145,274
145,276
145,277
145,278
145,279
145,281
145,282
145,284
145,285
145,286
145,287
145,288
145,290
145,291
145,293
145,294
145,295
145,296
145,297
145,298
145,300
145,301
145,303
145,304
145,305
145,306
145,307
145,308
145,309
145,311
145,312
145,314
145,315
145,316
145,317
145,318
145,319
145,320
145,321
145,323
145,324
145,326
145,327
145,328
145,329
145,330
145,331
145,332
145,333
145,334
145,336
145,337
145,339
145,340
145,341
145,342
145,343
145,344
145,345
145,346
145,347
145,348
145,350
145,351
145,353
145,354
145,355
145,356
145,357
145,358
145,359
146,240
146,241
146,242
146,243
146,244
146,245
146,246
146,247
146,248
146,249
146,255
146,256
146,257
146,258
146,259
146,268
146,269
146,270
146,271
146,272
146,274
146,276
146,277
146,278
146,279
146,280
146,282
146,284
146,285
146,286
146,287
146,288
146,289
146,291
146,293
146,294
146,295
146,296
146,297
146,298
146,299
146,301
146,303
146,304
146,305
146,306
146,307
146,308
146,309
146,310
146,312
146,314
146,315
146,316
146,317
146,318
146,319
146,320
146,321
146,322
146,324
146,326
146,327
146,328
146,329
146,330
146,331
146,332
146,333
146,334
146,335
146,337
146,339
146,340
146,341
146,342
146,343
146,344
146,345
146,346
146,347
146,348
146,349
146,351
146,353
146,354
146,355
146,356
146,357
146,358
146,359
147,240
147,241
147,242
147,243
147,244
147,245
147,246
147,247
147,248
147,249
147,250
147,251
147,252
147,253
147,254
147,268
147,269
147,270
147,271
147,272
147,273
147,276
147,277
147,278
147,279
147,280
147,281
147,284
147,285
147,286
147,287
147,288
147,289
147,290
147,293
147,294
147,295
147,296
147,297
147,298
147,299
147,300
147,303
147,304
147,305
147,306
147,307
147,308
147,309
147,310
147,311
147,314
147,315
147,316
147,317
147,318
147,319
147,320
147,321
147,322
147,323
147,326
147,327
147,328
147,329
147,330
147,331
147,332
147,333
147,334
147,335
147,336
147,339
147,340
147,341
147,342
147,343
147,344
147,345
147,346
147,347
147,348
147,349
147,350
147,353
147,354
147,355
147,356
147,357
147,358
147,359
148,242
148,244
148,245
148,247
148,248
148,249
148,251
148,252
148,253
148,254
148,256
148,257
148,258
148,259
148,260
148,262
148,263
148,264
148,265
148,266
148,267
148,277
148,278
148,279
148,280
148,281
148,282
148,283
148,286
148,287
148,288
148,289
148,290
148,291
148,292
148,294
148,296
148,297
148,298
148,299
148,300
148,301
148,302
148,304
148,305
148,307
148,308
148,309
148,310
148,311
148,312
148,313
148,315
148,316
148,317
148,319
148,320
148,321
148,322
148,323
148,324
148,325
148,327
148,328
148,329
148,330
148,332
148,333
148,334
148,335
148,336
148,337
148,338
148,340
148,341
148,342
148,343
148,344
148,346
148,347
148,348
148,349
148,350
148,351
148,352
148,354
148,355
148,356
148,357
148,358
148,359
149,241
149,243
149,245
149,246
149,248
149,249
149,250
149,252
149,253
149,254
149,255
149,257
149,258
149,259
149,260
149,261
149,263
149,264
149,265
149,266
149,267
149,276
149,278
149,279
149,280
149,281
149,282
149,283
149,285
149,287
149,288
149,289
149,290
149,291
149,292
149,294
149,295
149,297
149,298
149,299
149,300
149,301
149,302
149,304
149,305
149,306
149,308
149,309
149,310
149,311
149,312
149,313
149,315
149,316
149,317
149,318
149,320
149,321
149,322
149,323
149,324
149,325
149,327
149,328
149,329
149,330
149,331
149,333
149,334
149,335
149,336
149,337
149,338
149,340
149,341
149,342
149,343
149,344
149,345
149,347
149,348
149,349
149,350
149,351
149,352
149,354
149,355
149,356
149,357
149,358
149,359
150,240
150,243
150,244
150,246
150,247
150,249
150,250
150,251
150,253
150,254
150,255
150,256
150,258
150,259
150,260
150,261
150,262
150,264
150,265
150,266
150,267
150,276
150,277
150,279
150,280
150,281
150,282
150,283
150,285
150,286
150,288
150,289
150,290
150,291
150,292
150,294
150,295
150,296
150,298
150,299
150,300
150,301
150,302
150,304
150,305
150,306
150,307
150,309
150,310
150,311
150,312
150,313
150,315
150,316
150,317
150,318
150,319
150,321
150,322
150,323
150,324
150,325
150,327
150,328
150,329
150,330
150,331
150,332
150,334
150,335
150,336
150,337
150,338
150,340
150,341
150,342
150,343
150,344
150,345
150,346
150,348
150,349
150,350
150,351
150,352
150,354
150,355
150,356
150,357
150,358
150,359
151,240
151,241
151,242
151,246
151,247
151,248
151,250
151,251
151,252
151,254
151,255
151,256
151,257
151,259
151,260
151,261
151,262
151,263
151,265
151,266
151,267
151,276
151,277
151,278
151,280
151,281
151,282
151,283
151,285
151,286
151,287
151,289
151,290
151,291
151,292
151,294
151,295
151,296
151,297
151,299
151,300
151,301
151,302
151,304
151,305
151,306
151,307
151,308
151,310
151,311
151,312
151,313
151,315
151,316
151,317
151,318
151,319
151,320
151,322
151,323
151,324
151,325
151,327
151,328
151,329
151,330
151,331
151,332
151,333
151,335
151,336
151,337
151,338
151,340
151,341
151,342
151,343
151,344
151,345
151,346
151,347
151,349
151,350
151,351
151,352
151,354
151,355
151,356
151,357
151,358
151,359
152,240
152,241
152,242
152,243
152,244
152,245
152,250
152,251
152,252
152,253
152,255
152,256
152,257
152,258
152,260
152,261
152,262
152,263
152,264
152,266
152,267
152,276
152,277
152,278
152,279
152,281
152,282
152,283
152,285
152,286
152,287
152,288
152,290
152,291
152,292
152,294
152,295
152,296
152,297
152,298
152,300
152,301
152,302
152,304
152,305
152,306
152,307
152,308
152,309
152,311
152,312
152,313
152,315
152,316
152,317
152,318
152,319
152,320
152,321
152,323
152,324
152,325
152,327
152,328
152,329
152,330
152,331
152,332
152,333
152,334
152,336
152,337
152,338
152,340
152,341
152,342
152,343
152,344
152,345
152,346
152,347
152,348
152,350
152,351
152,352
152,354
152,355
152,356
152,357
152,358
152,359
153,240
153,241
153,242
153,243
153,244
153,245
153,246
153,247
153,248
153,249
153,255
153,256
153,257
153,258
153,259
153,261
153,262
153,263
153,264
153,265
153,267
153,276
153,277
153,278
153,279
153,280
153,282
153,283
153,285
153,286
153,287
153,288
153,289
153,291
153,292
153,294
153,295
153,296
153,297
153,298
153,299
153,301
153,302
153,304
153,305
153,306
153,307
153,308
153,309
153,310
153,312
153,313
153,315
153,316
153,317
153,318
153,319
153,320
153,321
153,322
153,324
153,325
153,327
153,328
153,329
153,330
153,331
153,332
153,333
153,334
153,335
153,337
153,338
153,340
153,341
153,342
153,343
153,344
153,345
153,346
153,347
153,348
153,349
153,351
153,352
153,354
153,355
153,356
153,357
153,358
153,359
154,240
154,241
154,242
154,243
154,244
154,245
154,246
154,247
154,248
154,249
154,250
154,251
154,252
154,253
154,254
154,261
154,262
154,263
154,264
154,265
154,266
154,276
154,277
154,278
154,279
154,280
154,281
154,283
154,285
154,286
154,287
154,288
154,289
154,290
154,292
154,294
154,295
154,296
154,297
154,298
154,299
154,300
154,302
154,304
154,305
154,306
154,307
154,308
154,309
154,310
154,311
154,313
154,315
154,316
154,317
154,318
154,319
154,320
154,321
154,322
154,323
154,325
154,327
154,328
154,329
154,330
154,331
154,332
154,333
154,334
154,335
154,336
154,338
154,340
154,341
154,342
154,343
154,344
154,345
154,346
154,347
154,348
154,349
154,350
154,352
154,354
154,355
154,356
154,357
154,358
154,359
155,240
155,241
155,242
155,243
155,244
155,245
155,246
155,247
155,248
155,249
155,250
155,251
155,252
155,253
155,254
155,255
155,256
155,257
155,258
155,259
155,260
155,276
155,277
155,278
155,279
155,280
155,281
155,282
155,285
155,286
155,287
155,288
155,289
155,290
155,291
155,294
155,295
155,296
155,297
155,298
155,299
155,300
155,301
155,304
155,305
155,306
155,307
155,308
155,309
155,310
155,311
155,312
155,315
155,316
155,317
155,318
155,319
155,320
155,321
155,322
155,323
155,324
155,327
155,328
155,329
155,330
155,331
155,332
155,333
155,334
155,335
155,336
155,337
155,340
155,341
155,342
155,343
155,344
155,345
155,346
155,347
155,348
155,349
155,350
155,351
155,354
155,355
155,356
155,357
155,358
155,359
156,242
156,244
156,245
156,247
156,248
156,249
156,251
156,252
156,253
156,254
156,256
156,257
156,258
156,259
156,260
156,262
156,263
156,264
156,265
156,266
156,267
156,269
156,270
156,271
156,272
156,273
156,274
156,275
156,286
156,287
156,288
156,289
156,290
156,291
156,292
156,293
156,296
156,297
156,298
156,299
156,300
156,301
156,302
156,303
156,305
156,307
156,308
156,309
156,310
156,311
156,312
156,313
156,314
156,316
156,317
156,319
156,320
156,321
156,322
156,323
156,324
156,325
156,326
156,328
156,329
156,330
156,332
156,333
156,334
156,335
156,336
156,337
156,338
156,339
156,341
156,342
156,343
156,344
156,346
156,347
156,348
156,349
156,350
156,351
156,352
156,353
156,355
156,356
156,357
156,358
156,359
157,241
157,243
157,245
157,246
157,248
157,249
157,250
157,252
157,253
157,254
157,255
157,257
157,258
157,259
157,260
157,261
157,263
157,264
157,265
157,266
157,267
157,268
157,270
157,271
157,272
157,273
157,274
157,275
157,285
157,287
157,288
157,289
157,290
157,291
157,292
157,293
157,295
157,297
157,298
157,299
157,300
157,301
157,302
157,303
157,305
157,306
157,308
157,309
157,310
157,311
157,312
157,313
157,314
157,316
157,317
157,318
157,320
157,321
157,322
157,323
157,324
157,325
157,326
157,328
157,329
157,330
157,331
157,333
157,334
157,335
157,336
157,337
157,338
157,339
157,341
157,342
157,343
157,344
157,345
157,347
157,348
157,349
157,350
157,351
157,352
157,353
157,355
157,356
157,357
157,358
157,359
158,240
158,243
158,244
158,246
158,247
158,249
158,250
158,251
158,253
158,254
158,255
158,256
158,258
158,259
158,260
158,261
158,262
158,264
158,265
158,266
158,267
158,268
158,269
158,271
158,272
158,273
158,274
158,275
158,285
158,286
158,288
158,289
158,290
158,291
158,292
158,293
158,295
158,296
158,298
158,299
158,300
158,301
158,302
158,303
158,305
158,306
158,307
158,309
158,310
158,311
158,312
158,313
158,314
158,316
158,317
158,318
158,319
158,321
158,322
158,323
158,324
158,325
158,326
158,328
158,329
158,330
158,331
158,332
158,334
158,335
158,336
158,337
158,338
158,339
158,341
158,342
158,343
158,344
158,345
158,346
158,348
158,349
158,350
158,351
158,352
158,353
158,355
158,356
158,357
158,358
158,359
159,240
159,241
159,242
159,246
159,247
159,248
159,250
159,251
159,252
159,254
159,255
159,256
159,257
159,259
159,260
159,261
159,262
159,263
159,265
159,266
159,267
159,268
159,269
159,270
159,272
159,273
159,274
159,275
159,285
159,286
159,287
159,289
159,290
159,291
159,292
159,293
159,295
159,296
159,297
159,299
159,300
159,301
159,302
159,303
159,305
159,306
159,307
159,308
159,310
159,311
159,312
159,313
159,314
159,316
159,317
159,318
159,319
159,320
159,322
159,323
159,324
159,325
159,326
159,328
159,329
159,330
159,331
159,332
159,333
159,335
159,336
159,337
159,338
159,339
159,341
159,342
159,343
159,344
159,345
159,346
159,347
159,349
159,350
159,351
159,352
159,353
159,355
159,356
159,357
159,358
159,359
160,240
160,241
160,242
160,243
160,244
160,245
160,250
160,251
160,252
160,253
160,255
160,256
160,257
160,258
160,260
160,261
160,262
160,263
160,264
160,266
160,267
160,268
160,269
160,270
160,271
160,273
160,274
160,275
160,285
160,286
160,287
160,288
160,290
160,291
160,292
160,293
160,295
160,296
160,297
160,298
160,300
160,301
160,302
160,303
160,305
160,306
160,307
160,308
160,309
160,311
160,312
160,313
160,314
160,316
160,317
160,318
160,319
160,320
160,321
160,323
160,324
160,325
160,326
160,328
160,329
160,330
160,331
160,332
160,333
160,334
160,336
160,337
160,338
160,339
160,341
160,342
160,343
160,344
160,345
160,346
160,347
160,348
160,350
160,351
160,352
160,353
160,355
160,356
160,357
160,358
160,359
161,240
161,241
161,242
161,243
161,244
161,245
161,246
161,247
161,248
161,249
161,255
161,256
161,257
161,258
161,259
161,261
161,262
161,263
161,264
161,265
161,267
161,268
161,269
161,270
161,271
161,272
161,274
161,275
161,285
161,286
161,287
161,288
161,289
161,291
161,292
161,293
161,295
161,296
161,297
161,298
161,299
161,301
161,302
161,303
161,305
161,306
161,307
161,308
161,309
161,310
161,312
161,313
161,314
161,316
161,317
161,318
161,319
161,320
161,321
161,322
161,324
161,325
161,326
161,328
161,329
161,330
161,331
161,332
161,333
161,334
161,335
161,337
161,338
161,339
161,341
161,342
161,343
161,344
161,345
161,346
161,347
161,348
161,349
161,351
161,352
161,353
161,355
161,356
161,357
161,358
161,359
162,240
162,241
162,242
162,243
162,244
162,245
162,246
162,247
162,248
162,249
162,250
162,251
162,252
162,253
162,254
162,261
162,262
162,263
162,264
162,265
162,266
162,268
162,269
162,270
162,271
162,272
162,273
162,275
162,285
162,286
162,287
162,288
162,289
162,290
162,292
162,293
162,295
162,296
162,297
162,298
162,299
162,300
162,302
162,303
162,305
162,306
162,307
162,308
162,309
162,310
162,311
162,313
162,314
162,316
162,317
162,318
162,319
162,320
162,321
162,322
162,323
162,325
162,326
162,328
162,329
162,330
162,331
162,332
162,333
162,334
162,335
162,336
162,338
162,339
162,341
162,342
162,343
162,344
162,345
162,346
162,347
162,348
162,349
162,350
162,352
162,353
162,355
162,356
162,357
162,358
162,359
163,240
163,241
163,242
163,243
163,244
163,245
163,246
163,247
163,248
163,249
163,250
163,251
163,252
163,253
163,254
163,255
163,256
163,257
163,258
163,259
163,260
163,268
163,269
163,270
163,271
163,272
163,273
163,274
163,285
163,286
163,287
163,288
163,289
163,290
163,291
163,293
163,295
163,296
163,297
163,298
163,299
163,300
163,301
163,303
163,305
163,306
163,307
163,308
163,309
163,310
163,311
163,312
163,314
163,316
163,317
163,318
163,319
163,320
163,321
163,322
163,323
163,324
163,326
163,328
163,329
163,330
163,331
163,332
163,333
163,334
163,335
163,336
163,337
163,339
163,341
163,342
163,343
163,344
163,345
163,346
163,347
163,348
163,349
163,350
163,351
163,353
163,355
163,356
163,357
163,358
163,359
164,240
164,241
164,242
164,243
164,244
164,245
164,246
164,247
164,248
164,249
164,250
164,251
164,252
164,253
164,254
164,255
164,256
164,257
164,258
164,259
164,260
164,261
164,262
164,263
164,264
164,265
164,266
164,267
164,285
164,286
164,287
164,288
164,289
164,290
164,291
164,292
164,295
164,296
164,297
164,298
164,299
164,300
164,301
164,302
164,305
164,306
164,307
164,308
164,309
164,310
164,311
164,312
164,313
164,316
164,317
164,318
164,319
164,320
164,321
164,322
164,323
164,324
164,325
164,328
164,329
164,330
164,331
164,332
164,333
164,334
164,335
164,336
164,337
164,338
164,341
164,342
164,343
164,344
164,345
164,346
164,347
164,348
164,349
164,350
164,351
164,352
164,355
164,356
164,357
164,358
164,359
165,242
165,244
165,245
165,247
165,248
165,249
165,251
165,252
165,253
165,254
165,256
165,257
165,258
165,259
165,260
165,262
165,263
165,264
165,265
165,266
165,267
165,269
165,270
165,271
165,272
165,273
165,274
165,275
165,277
165,278
165,279
165,280
165,281
165,282
165,283
165,284
165,296
165,297
165,298
165,299
165,300
165,301
165,302
165,303
165,304
165,307
165,308
165,309
165,310
165,311
165,312
165,313
165,314
165,315
165,317
165,319
165,320
165,321
165,322
165,323
165,324
165,325
165,326
165,327
165,329
165,330
165,332
165,333
165,334
165,335
165,336
165,337
165,338
165,339
165,340
165,342
165,343
165,344
165,346
165,347
165,348
165,349
165,350
165,351
165,352
165,353
165,354
165,356
165,357
165,358
165,359
166,241
166,243
166,245
166,246
166,248
166,249
166,250
166,252
166,253
166,254
166,255
166,257
166,258
166,259
166,260
166,261
166,263
166,264
166,265
166,266
166,267
166,268
166,270
166,271
166,272
166,273
166,274
166,275
166,276
166,278
166,279
166,280
166,281
166,282
166,283
166,284
166,295
166,297
166,298
166,299
166,300
166,301
166,302
166,303
166,304
166,306
166,308
166,309
166,310
166,311
166,312
166,313
166,314
166,315
166,317
166,318
166,320
166,321
166,322
166,323
166,324
166,325
166,326
166,327
166,329
166,330
166,331
166,333
166,334
166,335
166,336
166,337
166,338
166,339
166,340
166,342
166,343
166,344
166,345
166,347
166,348
166,349
166,350
166,351
166,352
166,353
166,354
166,356
166,357
166,358
166,359
167,240
167,243
167,244
167,246
167,247
167,249
167,250
167,251
167,253
167,254
167,255
167,256
167,258
167,259
167,260
167,261
167,262
167,264
167,265
167,266
167,267
167,268
167,269
167,271
167,272
167,273
167,274
167,275
167,276
167,277
167,279
167,280
167,281
167,282
167,283
167,284
167,295
167,296
167,298
167,299
167,300
167,301
167,302
167,303
167,304
167,306
167,307
167,309
167,310
167,311
167,312
167,313
167,314
167,315
167,317
167,318
167,319
167,321
167,322
167,323
167,324
167,325
167,326
167,327
167,329
167,330
167,331
167,332
167,334
167,335
167,336
167,337
167,338
167,339
167,340
167,342
167,343
167,344
167,345
167,346
167,348
167,349
167,350
167,351
167,352
167,353
167,354
167,356
167,357
167,358
167,359
168,240
168,241
168,242
168,246
168,247
168,248
168,250
168,251
168,252
168,254
168,255
168,256
168,257
168,259
168,260
168,261
168,262
168,263
168,265
168,266
168,267
168,268
168,269
168,270
168,272
168,273
168,274
168,275
168,276
168,277
168,278
168,280
168,281
168,282
168,283
168,284
168,295
168,296
168,297
168,299
168,300
168,301
168,302
168,303
168,304
168,306
168,307
168,308
168,310
168,311
168,312
168,313
168,314
168,315
168,317
168,318
168,319
168,320
168,322
168,323
168,324
168,325
168,326
168,327
168,329
168,330
168,331
168,332
168,333
168,335
168,336
168,337
168,338
168,339
168,340
168,342
168,343
168,344
168,345
168,346
168,347
168,349
168,350
168,351
168,352
168,353
168,354
168,356
168,357
168,358
168,359
169,240
169,241
169,242
169,243
169,244
169,245
169,250
169,251
169,252
169,253
169,255
169,256
169,257
169,258
169,260
169,261
169,262
169,263
169,264
169,266
169,267
169,268
169,269
169,270
169,271
169,273
169,274
169,275
169,276
169,277
169,278
169,279
169,281
169,282
169,283
169,284
169,295
169,296
169,297
169,298
169,300
169,301
169,302
169,303
169,304
169,306
169,307
169,308
169,309
169,311
169,312
169,313
169,314
169,315
169,317
169,318
169,319
169,320
169,321
169,323
169,324
169,325
169,326
169,327
169,329
169,330
169,331
169,332
169,333
169,334
169,336
169,337
169,338
169,339
169,340
169,342
169,343
169,344
169,345
169,346
169,347
169,348
169,350
169,351
169,352
169,353
169,354
169,356
169,357
169,358
169,359
170,240
170,241
170,242
170,243
170,244
170,245
170,246
170,247
170,248
170,249
170,255
170,256
170,257
170,258
170,259
170,261
170,262
170,263
170,264
170,265
170,267
170,268
170,269
170,270
170,271
170,272
170,274
170,275
170,276
170,277
170,278
170,279
170,280
170,282
170,283
170,284
170,295
170,296
170,297
170,298
170,299
170,301
170,302
170,303
170,304
170,306
170,307
170,308
170,309
170,310
170,312
170,313
170,314
170,315
170,317
170,318
170,319
170,320
170,321
170,322
170,324
170,325
170,326
170,327
170,329
170,330
170,331
170,332
170,333
170,334
170,335
170,337
170,338
170,339
170,340
170,342
170,343
170,344
170,345
170,346
170,347
170,348
170,349
170,351
170,352
170,353
170,354
170,356
170,357
170,358
170,359
171,240
171,241
171,242
171,243
171,244
171,245
171,246
171,247
171,248
171,249
171,250
171,251
171,252
171,253
171,254
171,261
171,262
171,263
171,264
171,265
171,266
171,268
171,269
171,270
171,271
171,272
171,273
171,275
171,276
171,277
171,278
171,279
171,280
171,281
171,283
171,284
171,295
171,296
171,297
171,298
171,299
171,300
171,302
171,303
171,304
171,306
171,307
171,308
171,309
171,310
171,311
171,313
171,314
171,315
171,317
171,318
171,319
171,320
171,321
171,322
171,323
171,325
171,326
171,327
171,329
171,330
171,331
171,332
171,333
171,334
171,335
171,336
171,338
171,339
171,340
171,342
171,343
171,344
171,345
171,346
171,347
171,348
171,349
171,350
171,352
171,353
171,354
171,356
171,357
171,358
171,359
172,240
172,241
172,242
172,243
172,244
172,245
172,246
172,247
172,248
172,249
172,250
172,251
172,252
172,253
172,254
172,255
172,256
172,257
172,258
172,259
172,260
172,268
172,269
172,270
172,271
172,272
172,273
172,274
172,276
172,277
172,278
172,279
172,280
172,281
172,282
172,284
172,295
172,296
172,297
172,298
172,299
172,300
172,301
172,303
172,304
172,306
172,307
172,308
172,309
172,310
172,311
172,312
172,314
172,315
172,317
172,318
172,319
172,320
172,321
172,322
172,323
172,324
172,326
172,327
172,329
172,330
172,331
172,332
172,333
172,334
172,335
172,336
172,337
172,339
172,340
172,342
172,343
172,344
172,345
172,346
172,347
172,348
172,349
172,350
172,351
172,353
172,354
172,356
172,357
172,358
172,359
173,240
173,241
173,242
173,243
173,244
173,245
173,246
173,247
173,248
173,249
173,250
173,251
173,252
173,253
173,254
173,255
173,256
173,257
173,258
173,259
173,260
173,261
173,262
173,263
173,264
173,265
173,266
173,267
173,276
173,277
173,278
173,279
173,280
173,281
173,282
173,283
173,295
173,296
173,297
173,298
173,299
173,300
173,301
173,302
173,304
173,306
173,307
173,308
173,309
173,310
173,311
173,312
173,313
173,315
173,317
173,318
173,319
173,320
173,321
173,322
173,323
173,324
173,325
173,327
173,329
173,330
173,331
173,332
173,333
173,334
173,335
173,336
173,337
173,338
173,340
173,342
173,343
173,344
173,345
173,346
173,347
173,348
173,349
173,350
173,351
173,352
173,354
173,356
173,357
173,358
173,359
174,240
174,241
174,242
174,243
174,244
174,245
174,246
174,247
174,248
174,249
174,250
174,251
174,252
174,253
174,254
174,255
174,256
174,257
174,258
174,259
174,260
174,261
174,262
174,263
174,264
174,265
174,266
174,267
174,268
174,269
174,270
174,271
174,272
174,273
174,274
174,275
174,295
174,296
174,297
174,298
174,299
174,300
174,301
174,302
174,303
174,306
174,307
174,308
174,309
174,310
174,311
174,312
174,313
174,314
174,317
174,318
174,319
174,320
174,321
174,322
174,323
174,324
174,325
174,326
174,329
174,330
174,331
174,332
174,333
174,334
174,335
174,336
174,337
174,338
174,339
174,342
174,343
174,344
174,345
174,346
174,347
174,348
174,349
174,350
174,351
174,352
174,353
174,356
174,357
174,358
174,359
175,242
175,244
175,245
175,247
175,248
175,249
175,251
175,252
175,253
175,254
175,256
175,257
175,258
175,259
175,260
175,262
175,263
175,264
175,265
175,266
175,267
175,269
175,270
175,271
175,272
175,273
175,274
175,275
175,277
175,278
175,279
175,280
175,281
175,282
175,283
175,284
175,286
175,287
175,288
175,289
175,290
175,291
175,292
175,293
175,294
175,307
175,308
175,309
175,310
175,311
175,312
175,313
175,314
175,315
175,316
175,319
175,320
175,321
175,322
175,323
175,324
175,325
175,326
175,327
175,328
175,330
175,332
175,333
175,334
175,335
175,336
175,337
175,338
175,339
175,340
175,341
175,343
175,344
175,346
175,347
175,348
175,349
175,350
175,351
175,352
175,353
175,354
175,355
175,357
175,358
175,359
176,241
176,243
176,245
176,246
176,248
176,249
176,250
176,252
176,253
176,254
176,255
176,257
176,258
176,259
176,260
176,261
176,263
176,264
176,265
176,266
176,267
176,268
176,270
176,271
176,272
176,273
176,274
176,275
176,276
176,278
176,279
176,280
176,281
176,282
176,283
176,284
176,285
176,287
176,288
176,289
176,290
176,291
176,292
176,293
176,294
176,306
176,308
176,309
176,310
176,311
176,312
176,313
176,314
176,315
176,316
176,318
176,320
176,321
176,322
176,323
176,324
176,325
176,326
176,327
176,328
176,330
176,331
176,333
176,334
176,335
176,336
176,337
176,338
176,339
176,340
176,341
176,343
176,344
176,345
176,347
176,348
176,349
176,350
176,351
176,352
176,353
176,354
176,355
176,357
176,358
176,359
177,240
177,243
177,244
177,246
177,247
177,249
177,250
177,251
177,253
177,254
177,255
177,256
177,258
177,259
177,260
177,261
177,262
177,264
177,265
177,266
177,267
177,268
177,269
177,271
177,272
177,273
177,274
177,275
177,276
177,277
177,279
177,280
177,281
177,282
177,283
177,284
177,285
177,286
177,288
177,289
177,290
177,291
177,292
177,293
177,294
177,306
177,307
177,309
177,310
177,311
177,312
177,313
177,314
177,315
177,316
177,318
177,319
177,321
177,322
177,323
177,324
177,325
177,326
177,327
177,328
177,330
177,331
177,332
177,334
177,335
177,336
177,337
177,338
177,339
177,340
177,341
177,343
177,344
177,345
177,346
177,348
177,349
177,350
177,351
177,352
177,353
177,354
177,355
177,357
177,358
177,359
178,240
178,241
178,242
178,246
178,247
178,248
178,250
178,251
178,252
178,254
178,255
178,256
178,257
178,259
178,260
178,261
178,262
178,263
178,265
178,266
178,267
178,268
178,269
178,270
178,272
178,273
178,274
178,275
178,276
178,277
178,278
178,280
178,281
178,282
178,283
178,284
178,285
178,286
178,287
178,289
178,290
178,291
178,292
178,293
178,294
178,306
178,307
178,308
178,310
178,311
178,312
178,313
178,314
178,315
178,316
178,318
178,319
178,320
178,322
178,323
178,324
178,325
178,326
178,327
178,328
178,330
178,331
178,332
178,333
178,335
178,336
178,337
178,338
178,339
178,340
178,341
178,343
178,344
178,345
178,346
178,347
178,349
178,350
178,351
178,352
178,353
178,354
178,355
178,357
178,358
178,359
179,240
179,241
179,242
179,243
179,244
179,245
179,250
179,251
179,252
179,253
179,255
179,256
179,257
179,258
179,260
179,261
179,262
179,263
179,264
179,266
179,267
179,268
179,269
179,270
179,271
179,273
179,274
179,275
179,276
179,277
179,278
179,279
179,281
179,282
179,283
179,284
179,285
179,286
179,287
179,288
179,290
179,291
179,292
179,293
179,294
179,306
179,307
179,308
179,309
179,311
179,312
179,313
179,314
179,315
179,316
179,318
179,319
179,320
179,321
179,323
179,324
179,325
179,326
179,327
179,328
179,330
179,331
179,332
179,333
179,334
179,336
179,337
179,338
179,339
179,340
179,341
179,343
179,344
179,345
179,346
179,347
179,348
179,350
179,351
179,352
179,353
179,354
179,355
179,357
179,358
179,359
180,240
180,241
180,242
180,243
180,244
180,245
180,246
180,247
180,248
180,249
180,255
180,256
180,257
180,258
180,259
180,261
180,262
180,263
180,264
180,265
180,267
180,268
180,269
180,270
180,271
180,272
180,274
180,275
180,276
180,277
180,278
180,279
180,280
180,282
180,283
180,284
180,285
180,286
180,287
180,288
180,289
180,291
180,292
180,293
180,294
180,306
180,307
180,308
180,309
180,310
180,312
180,313
180,314
180,315
180,316
180,318
180,319
180,320
180,321
180,322
180,324
180,325
180,326
180,327
180,328
180,330
180,331
180,332
180,333
180,334
180,335
180,337
180,338
180,339
180,340
180,341
180,343
180,344
180,345
180,346
180,347
180,348
180,349
180,351
180,352
180,353
180,354
180,355
180,357
180,358
180,359
181,240
181,241
181,242
181,243
181,244
181,245
181,246
181,247
181,248
181,249
181,250
181,251
181,252
181,253
181,254
181,261
181,262
181,263
181,264
181,265
181,266
181,268
181,269
181,270
181,271
181,272
181,273
181,275
181,276
181,277
181,278
181,279
181,280
181,281
181,283
181,284
181,285
181,286
181,287
181,288
181,289
181,290
181,292
181,293
181,294
181,306
181,307
181,308
181,309
181,310
181,311
181,313
181,314
181,315
181,316
181,318
181,319
181,320
181,321
181,322
181,323
181,325
181,326
181,327
181,328
181,330
181,331
181,332
181,333
181,334
181,335
181,336
181,338
181,339
181,340
181,341
181,343
181,344
181,345
181,346
181,347
181,348
181,349
181,350
181,352
181,353
181,354
181,355
181,357
181,358
181,359
182,240
182,241
182,242
182,243
182,244
182,245
182,246
182,247
182,248
182,249
182,250
182,251
182,252
182,253
182,254
182,255
182,256
182,257
182,258
182,259
182,260
182,268
182,269
182,270
182,271
182,272
182,273
182,274
182,276
182,277
182,278
182,279
182,280
182,281
182,282
182,284
182,285
182,286
182,287
182,288
182,289
182,290
182,291
182,293
182,294
182,306
182,307
182,308
182,309
182,310
182,311
182,312
182,314
182,315
182,316
182,318
182,319
182,320
182,321
182,322
182,323
182,324
182,326
182,327
182,328
182,330
182,331
182,332
182,333
182,334
182,335
182,336
182,337
182,339
182,340
182,341
182,343
182,344
182,345
182,346
182,347
182,348
182,349
182,350
182,351
182,353
182,354
182,355
182,357
182,358
182,359
183,240
183,241
183,242
183,243
183,244
183,245
183,246
183,247
183,248
183,249
183,250
183,251
183,252
183,253
183,254
183,255
183,256
183,257
183,258
183,259
183,260
183,261
183,262
183,263
183,264
183,265
183,266
183,267
183,276
183,277
183,278
183,279
183,280
183,281
183,282
183,283
183,285
183,286
183,287
183,288
183,289
183,290
183,291
183,292
183,294
183,306
183,307
183,308
183,309
183,310
183,311
183,312
183,313
183,315
183,316
183,318
183,319
183,320
183,321
183,322
183,323
183,324
183,325
183,327
183,328
183,330
183,331
183,332
183,333
183,334
183,335
183,336
183,337
183,338
183,340
183,341
183,343
183,344
183,345
183,346
183,347
183,348
183,349
183,350
183,351
183,352
183,354
183,355
183,357
183,358
183,359
184,240
184,241
184,242
184,243
184,244
184,245
184,246
184,247
184,248
184,249
184,250
184,251
184,252
184,253
184,254
184,255
184,256
184,257
184,258
184,259
184,260
184,261
184,262
184,263
184,264
184,265
184,266
184,267
184,268
184,269
184,270
184,271
184,272
184,273
184,274
184,275
184,285
184,286
184,287
184,288
184,289
184,290
184,291
184,292
184,293
184,306
184,307
184,308
184,309
184,310
184,311
184,312
184,313
184,314
184,316
184,318
184,319
184,320
184,321
184,322
184,323
184,324
184,325
184,326
184,328
184,330
184,331
184,332
184,333
184,334
184,335
184,336
184,337
184,338
184,339
184,341
184,343
184,344
184,345
184,346
184,347
184,348
184,349
184,350
184,351
184,352
184,353
184,355
184,357
184,358
184,359
185,240
185,241
185,242
185,243
185,244
185,245
185,246
185,247
185,248
185,249
185,250
185,251
185,252
185,253
185,254
185,255
185,256
185,257
185,258
185,259
185,260
185,261
185,262
185,263
185,264
185,265
185,266
185,267
185,268
185,269
185,270
185,271
185,272
185,273
185,274
185,275
185,276
185,277
185,278
185,279
185,280
185,281
185,282
185,283
185,284
185,306
185,307
185,308
185,309
185,310
185,311
185,312
185,313
185,314
185,315
185,318
185,319
185,320
185,321
185,322
185,323
185,324
185,325
185,326
185,327
185,330
185,331
185,332
185,333
185,334
185,335
185,336
185,337
185,338
185,339
185,340
185,343
185,344
185,345
185,346
185,347
185,348
185,349
185,350
185,351
185,352
185,353
185,354
185,357
185,358
185,359
186,242
186,244
186,245
186,247
186,248
186,249
186,251
186,252
186,253
186,254
186,256
186,257
186,258
186,259
186,260
186,262
186,263
186,264
186,265
186,266
186,267
186,269
186,270
186,271
186,272
186,273
186,274
186,275
186,277
186,278
186,279
186,280
186,281
186,282
186,283
186,284
186,286
186,287
186,288
186,289
186,290
186,291
186,292
186,293
186,294
186,296
186,297
186,298
186,299
186,300
186,301
186,302
186,303
186,304
186,305
186,319
186,320
186,321
186,322
186,323
186,324
186,325
186,326
186,327
186,328
186,329
186,332
186,333
186,334
186,335
186,336
186,337
186,338
186,339
186,340
186,341
186,342
186,344
186,346
186,347
186,348
186,349
186,350
186,351
186,352
186,353
186,354
186,355
186,356
186,358
186,359
187,241
187,243
187,245
187,246
187,248
187,249
187,250
187,252
187,253
187,254
187,255
187,257
187,258
187,259
187,260
187,261
187,263
187,264
187,265
187,266
187,267
187,268
187,270
187,271
187,272
187,273
187,274
187,275
187,276
187,278
187,279
187,280
187,281
187,282
187,283
187,284
187,285
187,287
187,288
187,289
187,290
187,291
187,292
187,293
187,294
187,295
187,297
187,298
187,299
187,300
187,301
187,302
187,303
187,304
187,305
187,318
187,320
187,321
187,322
187,323
187,324
187,325
187,326
187,327
187,328
187,329
187,331
187,333
187,334
187,335
187,336
187,337
187,338
187,339
187,340
187,341
187,342
187,344
187,345
187,347
187,348
187,349
187,350
187,351
187,352
187,353
187,354
187,355
187,356
187,358
187,359
188,240
188,243
188,244
188,246
188,247
188,249
188,250
188,251
188,253
188,254
188,255
188,256
188,258
188,259
188,260
188,261
188,262
188,264
188,265
188,266
188,267
188,268
188,269
188,271
188,272
188,273
188,274
188,275
188,276
188,277
188,279
188,280
188,281
188,282
188,283
188,284
188,285
188,286
188,288
188,289
188,290
188,291
188,292
188,293
188,294
188,295
188,296
188,298
188,299
188,300
188,301
188,302
188,303
188,304
188,305
188,318
188,319
188,321
188,322
188,323
188,324
188,325
188,326
188,327
188,328
188,329
188,331
188,332
188,334
188,335
188,336
188,337
188,338
188,339
188,340
188,341
188,342
188,344
188,345
188,346
188,348
188,349
188,350
188,351
188,352
188,353
188,354
188,355
188,356
188,358
188,359
189,240
189,241
189,242
189,246
189,247
189,248
189,250
189,251
189,252
189,254
189,255
189,256
189,257
189,259
189,260
189,261
189,262
189,263
189,265
189,266
189,267
189,268
189,269
189,270
189,272
189,273
189,274
189,275
189,276
189,277
189,278
189,280
189,281
189,282
189,283
189,284
189,285
189,286
189,287
189,289
189,290
189,291
189,292
189,293
189,294
189,295
189,296
189,297
189,299
189,300
189,301
189,302
189,303
189,304
189,305
189,318
189,319
189,320
189,322
189,323
189,324
189,325
189,326
189,327
189,328
189,329
189,331
189,332
189,333
189,335
189,336
189,337
189,338
189,339
189,340
189,341
189,342
189,344
189,345
189,346
189,347
189,349
189,350
189,351
189,352
189,353
189,354
189,355
189,356
189,358
189,359
190,240
190,241
190,242
190,243
190,244
190,245
190,250
190,251
190,252
190,253
190,255
190,256
190,257
190,258
190,260
190,261
190,262
190,263
190,264
190,266
190,267
190,268
190,269
190,270
190,271
190,273
190,274
190,275
190,276
190,277
190,278
190,279
190,281
190,282
190,283
190,284
190,285
190,286
190,287
190,288
190,290
190,291
190,292
190,293
190,294
190,295
190,296
190,297
190,298
190,300
190,301
190,302
190,303
190,304
190,305
190,318
190,319
190,320
190,321
190,323
190,324
190,325
190,326
190,327
190,328
190,329
190,331
190,332
190,333
190,334
190,336
190,337
190,338
190,339
190,340
190,341
190,342
190,344
190,345
190,346
190,347
190,348
190,350
190,351
190,352
190,353
190,354
190,355
190,356
190,358
190,359
191,240
191,241
191,242
191,243
191,244
191,245
191,246
191,247
191,248
191,249
191,255
191,256
191,257
191,258
191,259
191,261
191,262
191,263
191,264
191,265
191,267
191,268
191,269
191,270
191,271
191,272
191,274
191,275
191,276
191,277
191,278
191,279
191,280
191,282
191,283
191,284
191,285
191,286
191,287
191,288
191,289
191,291
191,292
191,293
191,294
191,295
191,296
191,297
191,298
191,299
191,301
191,302
191,303
191,304
191,305
191,318
191,319
191,320
191,321
191,322
191,324
191,325
191,326
191,327
191,328
191,329
191,331
191,332
191,333
191,334
191,335
191,337
191,338
191,339
191,340
191,341
191,342
191,344
191,345
191,346
191,347
191,348
191,349
191,351
191,352
191,353
191,354
191,355
191,356
191,358
191,359
192,240
192,241
192,242
192,243
192,244
192,245
192,246
192,247
192,248
192,249
192,250
192,251
192,252
192,253
192,254
192,261
192,262
192,263
192,264
192,265
192,266
192,268
192,269
192,270
192,271
192,272
192,273
192,275
192,276
192,277
192,278
192,279
192,280
192,281
192,283
192,284
192,285
192,286
192,287
192,288
192,289
192,290
192,292
192,293
192,294
192,295
192,296
192,297
192,298
192,299
192,300
192,302
192,303
192,304
192,305
192,318
192,319
192,320
192,321
192,322
192,323
192,325
192,326
192,327
192,328
192,329
192,331
192,332
192,333
192,334
192,335
192,336
192,338
192,339
192,340
192,341
192,342
192,344
192,345
192,346
192,347
192,348
192,349
192,350
192,352
192,353
192,354
192,355
192,356
192,358
192,359
193,240
193,241
193,242
193,243
193,244
193,245
193,246
193,247
193,248
193,249
193,250
193,251
193,252
193,253
193,254
193,255
193,256
193,257
193,258
193,259
193,260
193,268
193,269
193,270
193,271
193,272
193,273
193,274
193,276
193,277
193,278
193,279
193,280
193,281
193,282
193,284
193,285
193,286
193,287
193,288
193,289
193,290
193,291
193,293
193,294
193,295
193,296
193,297
193,298
193,299
193,300
193,301
193,303
193,304
193,305
193,318
193,319
193,320
193,321
193,322
193,323
193,324
193,326
193,327
193,328
193,329
193,331
193,332
193,333
193,334
193,335
193,336
193,337
193,339
193,340
193,341
193,342
193,344
193,345
193,346
193,347
193,348
193,349
193,350
193,351
193,353
193,354
193,355
193,356
193,358
193,359
194,240
194,241
194,242
194,243
194,244
194,245
194,246
194,247
194,248
194,249
194,250
194,251
194,252
194,253
194,254
194,255
194,256
194,257
194,258
194,259
194,260
194,261
194,262
194,263
194,264
194,265
194,266
194,267
194,276
194,277
194,278
194,279
194,280
194,281
194,282
194,283
194,285
194,286
194,287
194,288
194,289
194,290
194,291
194,292
194,294
194,295
194,296
194,297
194,298
194,299
194,300
194,301
194,302
194,304
194,305
194,318
194,319
194,320
194,321
194,322
194,323
194,324
194,325
194,327
194,328
194,329
194,331
194,332
194,333
194,334
194,335
194,336
194,337
194,338
194,340
194,341
194,342
194,344
194,345
194,346
194,347
194,348
194,349
194,350
194,351
194,352
194,354
194,355
194,356
194,358
194,359
195,240
195,241
195,242
195,243
195,244
195,245
195,246
195,247
195,248
195,249
195,250
195,251
195,252
195,253
195,254
195,255
195,256
195,257
195,258
195,259
195,260
195,261
195,262
195,263
195,264
195,265
195,266
195,267
195,268
195,269
195,270
195,271
195,272
195,273
195,274
195,275
195,285
195,286
195,287
195,288
195,289
195,290
195,291
195,292
195,293
195,295
195,296
195,297
195,298
195,299
195,300
195,301
195,302
195,303
195,305
195,318
195,319
195,320
195,321
195,322
195,323
195,324
195,325
195,326
195,328
195,329
195,331
195,332
195,333
195,334
195,335
195,336
195,337
195,338
195,339
195,341
195,342
195,344
195,345
195,346
195,347
195,348
195,349
195,350
195,351
195,352
195,353
195,355
195,356
195,358
195,359
196,240
196,241
196,242
196,243
196,244
196,245
196,246
196,247
196,248
196,249
196,250
196,251
196,252
196,253
196,254
196,255
196,256
196,257
196,258
196,259
196,260
196,261
196,262
196,263
196,264
196,265
196,266
196,267
196,268
196,269
196,270
196,271
196,272
196,273
196,274
196,275
196,276
196,277
196,278
196,279
196,280
196,281
196,282
196,283
196,284
196,295
196,296
196,297
196,298
196,299
196,300
196,301
196,302
196,303
196,304
196,318
196,319
196,320
196,321
196,322
196,323
196,324
196,325
196,326
196,327
196,329
196,331
196,332
196,333
196,334
196,335
196,336
196,337
196,338
196,339
196,340
196,342
196,344
196,345
196,346
196,347
196,348
196,349
196,350
196,351
196,352
196,353
196,354
196,356
196,358
196,359
197,240
197,241
197,242
197,243
197,244
197,245
197,246
197,247
197,248
197,249
197,250
197,251
197,252
197,253
197,254
197,255
197,256
197,257
197,258
197,259
197,260
197,261
197,262
197,263
197,264
197,265
197,266
197,267
197,268
197,269
197,270
197,271
197,272
197,273
197,274
197,275
197,276
197,277
197,278
197,279
197,280
197,281
197,282
197,283
197,284
197,285
197,286
197,287
197,288
197,289
197,290
197,291
197,292
197,293
197,294
197,318
197,319
197,320
197,321
197,322
197,323
197,324
197,325
197,326
197,327
197,328
197,331
197,332
197,333
197,334
197,335
197,336
197,337
197,338
197,339
197,340
197,341
197,344
197,345
197,346
197,347
197,348
197,349
197,350
197,351
197,352
197,353
197,354
197,355
197,358
197,359
198,242
198,244
198,245
198,247
198,248
198,249
198,251
198,252
198,253
198,254
198,256
198,257
198,258
198,259
198,260
198,262
198,263
198,264
198,265
198,266
198,267
198,269
198,270
198,271
198,272
198,273
198,274
198,275
198,277
198,278
198,279
198,280
198,281
198,282
198,283
198,284
198,286
198,287
198,288
198,289
198,290
198,291
198,292
198,293
198,294
198,296
198,297
198,298
198,299
198,300
198,301
198,302
198,303
198,304
198,305
198,307
198,308
198,309
198,310
198,311
198,312
198,313
198,314
198,315
198,316
198,317
198,332
198,333
198,334
198,335
198,336
198,337
198,338
198,339
198,340
198,341
198,342
198,343
198,346
198,347
198,348
198,349
198,350
198,351
198,352
198,353
198,354
198,355
198,356
198,357
198,359
199,241
199,243
199,245
199,246
199,248
199,249
199,250
199,252
199,253
199,254
199,255
199,257
199,258
199,259
199,260
199,261
199,263
199,264
199,265
199,266
199,267
199,268
199,270
199,271
199,272
199,273
199,274
199,275
199,276
199,278
199,279
199,280
199,281
199,282
199,283
199,284
199,285
199,287
199,288
199,289
199,290
199,291
199,292
199,293
199,294
199,295
199,297
199,298
199,299
199,300
199,301
199,302
199,303
199,304
199,305
199,306
199,308
199,309
199,310
199,311
199,312
199,313
199,314
199,315
199,316
199,317
199,331
199,333
199,334
199,335
199,336
199,337
199,338
199,339
199,340
199,341
199,342
199,343
199,345
199,347
199,348
199,349
199,350
199,351
199,352
199,353
199,354
199,355
199,356
199,357
199,359
200,240
200,243
200,244
200,246
200,247
200,249
200,250
200,251
200,253
200,254
200,255
200,256
200,258
200,259
200,260
200,261
200,262
200,264
200,265
200,266
200,267
200,268
200,269
200,271
200,272
200,273
200,274
200,275
200,276
200,277
200,279
200,280
200,281
200,282
200,283
200,284
200,285
200,286
200,288
200,289
200,290
200,291
200,292
200,293
200,294
200,295
200,296
200,298
200,299
200,300
200,301
200,302
200,303
200,304
200,305
200,306
200,307
200,309
200,310
200,311
200,312
200,313
200,314
200,315
200,316
200,317
200,331
200,332
200,334
200,335
200,336
200,337
200,338
200,339
200,340
200,341
200,342
200,343
200,345
200,346
200,348
200,349
200,350
200,351
200,352
200,353
200,354
200,355
200,356
200,357
200,359
201,240
201,241
201,242
201,246
201,247
201,248
201,250
201,251
201,252
201,254
201,255
201,256
201,257
201,259
201,260
201,261
201,262
201,263
201,265
201,266
201,267
201,268
201,269
201,270
201,272
201,273
201,274
201,275
201,276
201,277
201,278
201,280
201,281
201,282
201,283
201,284
201,285
201,286
201,287
201,289
201,290
201,291
201,292
201,293
201,294
201,295
201,296
201,297
201,299
201,300
201,301
201,302
201,303
201,304
201,305
201,306
201,307
201,308
201,310
201,311
201,312
201,313
201,314
201,315
201,316
201,317
201,331
201,332
201,333
201,335
201,336
201,337
201,338
201,339
201,340
201,341
201,342
201,343
201,345
201,346
201,347
201,349
201,350
201,351
201,352
201,353
201,354
201,355
201,356
201,357
201,359
202,240
202,241
202,242
202,243
202,244
202,245
202,250
202,251
202,252
202,253
202,255
202,256
202,257
202,258
202,260
202,261
202,262
202,263
202,264
202,266
202,267
202,268
202,269
202,270
202,271
202,273
202,274
202,275
202,276
202,277
202,278
202,279
202,281
202,282
202,283
202,284
202,285
202,286
202,287
202,288
202,290
202,291
202,292
202,293
202,294
202,295
202,296
202,297
202,298
202,300
202,301
202,302
202,303
202,304
202,305
202,306
202,307
202,308
202,309
202,311
202,312
202,313
202,314
202,315
202,316
202,317
202,331
202,332
202,333
202,334
202,336
202,337
202,338
202,339
202,340
202,341
202,342
202,343
202,345
202,346
202,347
202,348
202,350
202,351
202,352
202,353
202,354
202,355
202,356
202,357
202,359
203,240
203,241
203,242
203,243
203,244
203,245
203,246
203,247
203,248
203,249
203,255
203,256
203,257
203,258
203,259
203,261
203,262
203,263
203,264
203,265
203,267
203,268
203,269
203,270
203,271
203,272
203,274
203,275
203,276
203,277
203,278
203,279
203,280
203,282
203,283
203,284
203,285
203,286
203,287
203,288
203,289
203,291
203,292
203,293
203,294
203,295
203,296
203,297
203,298
203,299
203,301
203,302
203,303
203,304
203,305
203,306
203,307
203,308
203,309
203,310
203,312
203,313
203,314
203,315
203,316
203,317
203,331
203,332
203,333
203,334
203,335
203,337
203,338
203,339
203,340
203,341
203,342
203,343
203,345
203,346
203,347
203,348
203,349
203,351
203,352
203,353
203,354
203,355
203,356
203,357
203,359
204,240
204,241
204,242
204,243
204,244
204,245
204,246
204,247
204,248
204,249
204,250
204,251
204,252
204,253
204,254
204,261
204,262
204,263
204,264
204,265
204,266
204,268
204,269
204,270
204,271
204,272
204,273
204,275
204,276
204,277
204,278
204,279
204,280
204,281
204,283
204,284
204,285
204,286
204,287
204,288
204,289
204,290
204,292
204,293
204,294
204,295
204,296
204,297
204,298
204,299
204,300
204,302
204,303
204,304
204,305
204,306
204,307
204,308
204,309
204,310
204,311
204,313
204,314
204,315
204,316
204,317
204,331
204,332
204,333
204,334
204,335
204,336
204,338
204,339
204,340
204,341
204,342
204,343
204,345
204,346
204,347
204,348
204,349
204,350
204,352
204,353
204,354
204,355
204,356
204,357
204,359
205,240
205,241
205,242
205,243
205,244
205,245
205,246
205,247
205,248
205,249
205,250
205,251
205,252
205,253
205,254
205,255
205,256
205,257
205,258
205,259
205,260
205,268
205,269
205,270
205,271
205,272
205,273
205,274
205,276
205,277
205,278
205,279
205,280
205,281
205,282
205,284
205,285
205,286
205,287
205,288
205,289
205,290
205,291
205,293
205,294
205,295
205,296
205,297
205,298
205,299
205,300
205,301
205,303
205,304
205,305
205,306
205,307
205,308
205,309
205,310
205,311
205,312
205,314
205,315
205,316
205,317
205,331
205,332
205,333
205,334
205,335
205,336
205,337
205,339
205,340
205,341
205,342
205,343
205,345
205,346
205,347
205,348
205,349
205,350
205,351
205,353
205,354
205,355
205,356
205,357
205,359
206,240
206,241
206,242
206,243
206,244
206,245
206,246
206,247
206,248
206,249
206,250
206,251
206,252
206,253
206,254
206,255
206,256
206,257
206,258
206,259
206,260
206,261
206,262
206,263
206,264
206,265
206,266
206,267
206,276
206,277
206,278
206,279
206,280
206,281
206,282
206,283
206,285
206,286
206,287
206,288
206,289
206,290
206,291
206,292
206,294
206,295
206,296
206,297
206,298
206,299
206,300
206,301
206,302
206,304
206,305
206,306
206,307
206,308
206,309
206,310
206,311
206,312
206,313
206,315
206,316
206,317
206,331
206,332
206,333
206,334
206,335
206,336
206,337
206,338
206,340
206,341
206,342
206,343
206,345
206,346
206,347
206,348
206,349
206,350
206,351
206,352
206,354
206,355
206,356
206,357
206,359
207,240
207,241
207,242
207,243
207,244
207,245
207,246
207,247
207,248
207,249
207,250
207,251
207,252
207,253
207,254
207,255
207,256
207,257
207,258
207,259
207,260
207,261
207,262
207,263
207,264
207,265
207,266
207,267
207,268
207,269
207,270
207,271
207,272
207,273
207,274
207,275
207,285
207,286
207,287
207,288
207,289
207,290
207,291
207,292
207,293
207,295
207,296
207,297
207,298
207,299
207,300
207,301
207,302
207,303
207,305
207,306
207,307
207,308
207,309
207,310
207,311
207,312
207,313
207,314
207,316
207,317
207,331
207,332
207,333
207,334
207,335
207,336
207,337
207,338
207,339
207,341
207,342
207,343
207,345
207,346
207,347
207,348
207,349
207,350
207,351
207,352
207,353
207,355
207,356
207,357
207,359
208,240
208,241
208,242
208,243
208,244
208,245
208,246
208,247
208,248
208,249
208,250
208,251
208,252
208,253
208,254
208,255
208,256
208,257
208,258
208,259
208,260
208,261
208,262
208,263
208,264
208,265
208,266
208,267
208,268
208,269
208,270
208,271
208,272
208,273
208,274
208,275
208,276
208,277
208,278
208,279
208,280
208,281
208,282
208,283
208,284
208,295
208,296
208,297
208,298
208,299
208,300
208,301
208,302
208,303
208,304
208,306
208,307
208,308
208,309
208,310
208,311
208,312
208,313
208,314
208,315
208,317
208,331
208,332
208,333
208,334
208,335
208,336
208,337
208,338
208,339
208,340
208,342
208,343
208,345
208,346
208,347
208,348
208,349
208,350
208,351
208,352
208,353
208,354
208,356
208,357
208,359
209,240
209,241
209,242
209,243
209,244
209,245
209,246
209,247
209,248
209,249
209,250
209,251
209,252
209,253
209,254
209,255
209,256
209,257
209,258
209,259
209,260
209,261
209,262
209,263
209,264
209,265
209,266
209,267
209,268
209,269
209,270
209,271
209,272
209,273
209,274
209,275
209,276
209,277
209,278
209,279
209,280
209,281
209,282
209,283
209,284
209,285
209,286
209,287
209,288
209,289
209,290
209,291
209,292
209,293
209,294
209,306
209,307
209,308
209,309
209,310
209,311
209,312
209,313
209,314
209,315
209,316
209,331
209,332
209,333
209,334
209,335
209,336
209,337
209,338
209,339
209,340
209,341
209,343
209,345
209,346
209,347
209,348
209,349
209,350
209,351
209,352
209,353
209,354
209,355
209,357
209,359
210,240
210,241
210,242
210,243
210,244
210,245
210,246
210,247
210,248
210,249
210,250
210,251
210,252
210,253
210,254
210,255
210,256
210,257
210,258
210,259
210,260
210,261
210,262
210,263
210,264
210,265
210,266
210,267
210,268
210,269
210,270
210,271
210,272
210,273
210,274
210,275
210,276
210,277
210,278
210,279
210,280
210,281
210,282
210,283
210,284
210,285
210,286
210,287
210,288
210,289
210,290
210,291
210,292
210,293
210,294
210,295
210,296
210,297
210,298
210,299
210,300
210,301
210,302
210,303
210,304
210,305
210,331
210,332
210,333
210,334
210,335
210,336
210,337
210,338
210,339
210,340
210,341
210,342
210,345
210,346
210,347
210,348
210,349
210,350
210,351
210,352
210,353
210,354
210,355
210,356
210,359
211,242
211,244
211,245
211,247
211,248
211,249
211,251
211,252
211,253
211,254
211,256
211,257
211,258
211,259
211,260
211,262
211,263
211,264
211,265
211,266
211,267
211,269
211,270
211,271
211,272
211,273
211,274
211,275
211,277
211,278
211,279
211,280
211,281
211,282
211,283
211,284
211,286
211,287
211,288
211,289
211,290
211,291
211,292
211,293
211,294
211,296
211,297
211,298
211,299
211,300
211,301
211,302
211,303
211,304
211,305
211,307
211,308
211,309
211,310
211,311
211,312
211,313
211,314
211,315
211,316
211,317
211,319
211,320
211,321
211,322
211,323
211,324
211,325
211,326
211,327
211,328
211,329
211,330
211,346
211,347
211,348
211,349
211,350
211,351
211,352
211,353
211,354
211,355
211,356
211,357
211,358
212,241
212,243
212,245
212,246
212,248
212,249
212,250
212,252
212,253
212,254
212,255
212,257
212,258
212,259
212,260
212,261
212,263
212,264
212,265
212,266
212,267
212,268
212,270
212,271
212,272
212,273
212,274
212,275
212,276
212,278
212,279
212,280
212,281
212,282
212,283
212,284
212,285
212,287
212,288
212,289
212,290
212,291
212,292
212,293
212,294
212,295
212,297
212,298
212,299
212,300
212,301
212,302
212,303
212,304
212,305
212,306
212,308
212,309
212,310
212,311
212,312
212,313
212,314
212,315
212,316
212,317
212,318
212,320
212,321
212,322
212,323
212,324
212,325
212,326
212,327
212,328
212,329
212,330
212,345
212,347
212,348
212,349
212,350
212,351
212,352
212,353
212,354
212,355
212,356
212,357
212,358
213,240
213,243
213,244
213,246
213,247
213,249
213,250
213,251
213,253
213,254
213,255
213,256
213,258
213,259
213,260
213,261
213,262
213,264
213,265
213,266
213,267
213,268
213,269
213,271
213,272
213,273
213,274
213,275
213,276
213,277
213,279
213,280
213,281
213,282
213,283
213,284
213,285
213,286
213,288
213,289
213,290
213,291
213,292
213,293
213,294
213,295
213,296
213,298
213,299
213,300
213,301
213,302
213,303
213,304
213,305
213,306
213,307
213,309
213,310
213,311
213,312
213,313
213,314
213,315
213,316
213,317
213,318
213,319
213,321
213,322
213,323
213,324
213,325
213,326
213,327
213,328
213,329
213,330
213,345
213,346
213,348
213,349
213,350
213,351
213,352
213,353
213,354
213,355
213,356
213,357
213,358
214,240
214,241
214,242
214,246
214,247
214,248
214,250
214,251
214,252
214,254
214,255
214,256
214,257
214,259
214,260
214,261
214,262
214,263
214,265
214,266
214,267
214,268
214,269
214,270
214,272
214,273
214,274
214,275
214,276
214,277
214,278
214,280
214,281
214,282
214,283
214,284
214,285
214,286
214,287
214,289
214,290
214,291
214,292
214,293
214,294
214,295
214,296
214,297
214,299
214,300
214,301
214,302
214,303
214,304
214,305
214,306
214,307
214,308
214,310
214,311
214,312
214,313
214,314
214,315
214,316
214,317
214,318
214,319
214,320
214,322
214,323
214,324
214,325
214,326
214,327
214,328
214,329
214,330
214,345
214,346
214,347
214,349
214,350
214,351
214,352
214,353
214,354
214,355
214,356
214,357
214,358
215,240
215,241
215,242
215,243
215,244
215,245
215,250
215,251
215,252
215,253
215,255
215,256
215,257
215,258
215,260
215,261
215,262
215,263
215,264
215,266
215,267
215,268
215,269
215,270
215,271
215,273
215,274
215,275
215,276
215,277
215,278
215,279
215,281
215,282
215,283
215,284
215,285
215,286
215,287
215,288
215,290
215,291
215,292
215,293
215,294
215,295
215,296
215,297
215,298
215,300
215,301
215,302
215,303
215,304
215,305
215,306
215,307
215,308
215,309
215,311
215,312
215,313
215,314
215,315
215,316
215,317
215,318
215,319
215,320
215,321
215,323
215,324
215,325
215,326
215,327
215,328
215,329
215,330
215,345
215,346
215,347
215,348
215,350
215,351
215,352
215,353
215,354
215,355
215,356
215,357
215,358
216,240
216,241
216,242
216,243
216,244
216,245
216,246
216,247
216,248
216,249
216,255
216,256
216,257
216,258
216,259
216,261
216,262
216,263
216,264
216,265
216,267
216,268
216,269
216,270
216,271
216,272
216,274
216,275
216,276
216,277
216,278
216,279
216,280
216,282
216,283
216,284
216,285
216,286
216,287
216,288
216,289
216,291
216,292
216,293
216,294
216,295
216,296
216,297
216,298
216,299
216,301
216,302
216,303
216,304
216,305
216,306
216,307
216,308
216,309
216,310
216,312
216,313
216,314
216,315
216,316
216,317
216,318
216,319
216,320
216,321
216,322
216,324
216,325
216,326
216,327
216,328
216,329
216,330
216,345
216,346
216,347
216,348
216,349
216,351
216,352
216,353
216,354
216,355
216,356
216,357
216,358
217,240
217,241
217,242
217,243
217,244
217,245
217,246
217,247
217,248
217,249
217,250
217,251
217,252
217,253
217,254
217,261
217,262
217,263
217,264
217,265
217,266
217,268
217,269
217,270
217,271
217,272
217,273
217,275
217,276
217,277
217,278
217,279
217,280
217,281
217,283
217,284
217,285
217,286
217,287
217,288
217,289
217,290
217,292
217,293
217,294
217,295
217,296
217,297
217,298
217,299
217,300
217,302
217,303
217,304
217,305
217,306
217,307
217,308
217,309
217,310
217,311
217,313
217,314
217,315
217,316
217,317
217,318
217,319
217,320
217,321
217,322
217,323
217,325
217,326
217,327
217,328
217,329
217,330
217,345
217,346
217,347
217,348
217,349
217,350
217,352
217,353
217,354
217,355
217,356
217,357
217,358
218,240
218,241
218,242
218,243
218,244
218,245
218,246
218,247
218,248
218,249
218,250
218,251
218,252
218,253
218,254
218,255
218,256
218,257
218,258
218,259
218,260
218,268
218,269
218,270
218,271
218,272
218,273
218,274
218,276
218,277
218,278
218,279
218,280
218,281
218,282
218,284
218,285
218,286
218,287
218,288
218,289
218,290
218,291
218,293
218,294
218,295
218,296
218,297
218,298
218,299
218,300
218,301
218,303
218,304
218,305
218,306
218,307
218,308
218,309
218,310
218,311
218,312
218,314
218,315
218,316
218,317
218,318
218,319
218,320
218,321
218,322
218,323
218,324
218,326
218,327
218,328
218,329
218,330
218,345
218,346
218,347
218,348
218,349
218,350
218,351
218,353
218,354
218,355
218,356
218,357
218,358
219,240
219,241
219,242
219,243
219,244
219,245
219,246
219,247
219,248
219,249
219,250
219,251
219,252
219,253
219,254
219,255
219,256
219,257
219,258
219,259
219,260
219,261
219,262
219,263
219,264
219,265
219,266
219,267
219,276
219,277
219,278
219,279
219,280
219,281
219,282
219,283
219,285
219,286
219,287
219,288
219,289
219,290
219,291
219,292
219,294
219,295
219,296
219,297
219,298
219,299
219,300
219,301
219,302
219,304
219,305
219,306
219,307
219,308
219,309
219,310
219,311
219,312
219,313
219,315
219,316
219,317
219,318
219,319
219,320
219,321
219,322
219,323
219,324
219,325
219,327
219,328
219,329
219,330
219,345
219,346
219,347
219,348
219,349
219,350
219,351
219,352
219,354
219,355
219,356
219,357
219,358
220,240
220,241
220,242
220,243
220,244
220,245
220,246
220,247
220,248
220,249
220,250
220,251
220,252
220,253
220,254
220,255
220,256
220,257
220,258
220,259
220,260
220,261
220,262
220,263
220,264
220,265
220,266
220,267
220,268
220,269
220,270
220,271
220,272
220,273
220,274
220,275
220,285
220,286
220,287
220,288
220,289
220,290
220,291
220,292
220,293
220,295
220,296
220,297
220,298
220,299
220,300
220,301
220,302
220,303
220,305
220,306
220,307
220,308
220,309
220,310
220,311
220,312
220,313
220,314
220,316
220,317
220,318
220,319
220,320
220,321
220,322
220,323
220,324
220,325
220,326
220,328
220,329
220,330
220,345
220,346
220,347
220,348
220,349
220,350
220,351
220,352
220,353
220,355
220,356
220,357
220,358
221,240
221,241
221,242
221,243
221,244
221,245
221,246
221,247
221,248
221,249
221,250
221,251
221,252
221,253
221,254
221,255
221,256
221,257
221,258
221,259
221,260
221,261
221,262
221,263
221,264
221,265
221,266
221,267
221,268
221,269
221,270
221,271
221,272
221,273
221,274
221,275
221,276
221,277
221,278
221,279
221,280
221,281
221,282
221,283
221,284
221,295
221,296
221,297
221,298
221,299
221,300
221,301
221,302
221,303
221,304
221,306
221,307
221,308
221,309
221,310
221,311
221,312
221,313
221,314
221,315
221,317
221,318
221,319
221,320
221,321
221,322
221,323
221,324
221,325
221,326
221,327
221,329
221,330
221,345
221,346
221,347
221,348
221,349
221,350
221,351
221,352
221,353
221,354
221,356
221,357
221,358
222,240
222,241
222,242
222,243
222,244
222,245
222,246
222,247
222,248
222,249
222,250
222,251
222,252
222,253
222,254
222,255
222,256
222,257
222,258
222,259
222,260
222,261
222,262
222,263
222,264
222,265
222,266
222,267
222,268
222,269
222,270
222,271
222,272
222,273
222,274
222,275
222,276
222,277
222,278
222,279
222,280
222,281
222,282
222,283
222,284
222,285
222,286
222,287
222,288
222,289
222,290
222,291
222,292
222,293
222,294
222,306
222,307
222,308
222,309
222,310
222,311
222,312
222,313
222,314
222,315
222,316
222,318
222,319
222,320
222,321
222,322
222,323
222,324
222,325
222,326
222,327
222,328
222,330
222,345
222,346
222,347
222,348
222,349
222,350
222,351
222,352
222,353
222,354
222,355
222,357
222,358
223,240
223,241
223,242
223,243
223,244
223,245
223,246
223,247
223,248
223,249
223,250
223,251
223,252
223,253
223,254
223,255
223,256
223,257
223,258
223,259
223,260
223,261
223,262
223,263
223,264
223,265
223,266
223,267
223,268
223,269
223,270
223,271
223,272
223,273
223,274
223,275
223,276
223,277
223,278
223,279
223,280
223,281
223,282
223,283
223,284
223,285
223,286
223,287
223,288
223,289
223,290
223,291
223,292
223,293
223,294
223,295
223,296
223,297
223,298
223,299
223,300
223,301
223,302
223,303
223,304
223,305
223,318
223,319
223,320
223,321
223,322
223,323
223,324
223,325
223,326
223,327
223,328
223,329
223,345
223,346
223,347
223,348
223,349
223,350
223,351
223,352
223,353
223,354
223,355
223,356
223,358
224,240
224,241
224,242
224,243
224,244
224,245
224,246
224,247
224,248
224,249
224,250
224,251
224,252
224,253
224,254
224,255
224,256
224,257
224,258
224,259
224,260
224,261
224,262
224,263
224,264
224,265
224,266
224,267
224,268
224,269
224,270
224,271
224,272
224,273
224,274
224,275
224,276
224,277
224,278
224,279
224,280
224,281
224,282
224,283
224,284
224,285
224,286
224,287
224,288
224,289
224,290
224,291
224,292
224,293
224,294
224,295
224,296
224,297
224,298
224,299
224,300
224,301
224,302
224,303
224,304
224,305
224,306
224,307
224,308
224,309
224,310
224,311
224,312
224,313
224,314
224,315
224,316
224,317
224,345
224,346
224,347
224,348
224,349
224,350
224,351
224,352
224,353
224,354
224,355
224,356
224,357
225,242
225,244
225,245
225,247
225,248
225,249
225,251
225,252
225,253
225,254
225,256
225,257
225,258
225,259
225,260
225,262
225,263
225,264
225,265
225,266
225,267
225,269
225,270
225,271
225,272
225,273
225,274
225,275
225,277
225,278
225,279
225,280
225,281
225,282
225,283
225,284
225,286
225,287
225,288
225,289
225,290
225,291
225,292
225,293
225,294
225,296
225,297
225,298
225,299
225,300
225,301
225,302
225,303
225,304
225,305
225,307
225,308
225,309
225,310
225,311
225,312
225,313
225,314
225,315
225,316
225,317
225,319
225,320
225,321
225,322
225,323
225,324
225,325
225,326
225,327
225,328
225,329
225,330
225,332
225,333
225,334
225,335
225,336
225,337
225,338
225,339
225,340
225,341
225,342
225,343
225,344
226,241
226,243
226,245
226,246
226,248
226,249
226,250
226,252
226,253
226,254
226,255
226,257
226,258
226,259
226,260
226,261
226,263
226,264
226,265
226,266
226,267
226,268
226,270
226,271
226,272
226,273
226,274
226,275
226,276
226,278
226,279
226,280
226,281
226,282
226,283
226,284
226,285
226,287
226,288
226,289
226,290
226,291
226,292
226,293
226,294
226,295
226,297
226,298
226,299
226,300
226,301
226,302
226,303
226,304
226,305
226,306
226,308
226,309
226,310
226,311
226,312
226,313
226,314
226,315
226,316
226,317
226,318
226,320
226,321
226,322
226,323
226,324
226,325
226,326
226,327
226,328
226,329
226,330
226,331
226,333
226,334
226,335
226,336
226,337
226,338
226,339
226,340
226,341
226,342
226,343
226,344
227,240
227,243
227,244
227,246
227,247
227,249
227,250
227,251
227,253
227,254
227,255
227,256
227,258
227,259
227,260
227,261
227,262
227,264
227,265
227,266
227,267
227,268
227,269
227,271
227,272
227,273
227,274
227,275
227,276
227,277
227,279
227,280
227,281
227,282
227,283
227,284
227,285
227,286
227,288
227,289
227,290
227,291
227,292
227,293
227,294
227,295
227,296
227,298
227,299
227,300
227,301
227,302
227,303
227,304
227,305
227,306
227,307
227,309
227,310
227,311
227,312
227,313
227,314
227,315
227,316
227,317
227,318
227,319
227,321
227,322
227,323
227,324
227,325
227,326
227,327
227,328
227,329
227,330
227,331
227,332
227,334
227,335
227,336
227,337
227,338
227,339
227,340
227,341
227,342
227,343
227,344
228,240
228,241
228,242
228,246
228,247
228,248
228,250
228,251
228,252
228,254
228,255
228,256
228,257
228,259
228,260
228,261
228,262
228,263
228,265
228,266
228,267
228,268
228,269
228,270
228,272
228,273
228,274
228,275
228,276
228,277
228,278
228,280
228,281
228,282
228,283
228,284
228,285
228,286
228,287
228,289
228,290
228,291
228,292
228,293
228,294
228,295
228,296
228,297
228,299
228,300
228,301
228,302
228,303
228,304
228,305
228,306
228,307
228,308
228,310
228,311
228,312
228,313
228,314
228,315
228,316
228,317
228,318
228,319
228,320
228,322
228,323
228,324
228,325
228,326
228,327
228,328
228,329
228,330
228,331
228,332
228,333
228,335
228,336
228,337
228,338
228,339
228,340
228,341
228,342
228,343
228,344
229,240
229,241
229,242
229,243
229,244
229,245
229,250
229,251
229,252
229,253
229,255
229,256
229,257
229,258
229,260
229,261
229,262
229,263
229,264
229,266
229,267
229,268
229,269
229,270
229,271
229,273
229,274
229,275
229,276
229,277
229,278
229,279
229,281
229,282
229,283
229,284
229,285
229,286
229,287
229,288
229,290
229,291
229,292
229,293
229,294
229,295
229,296
229,297
229,298
229,300
229,301
229,302
229,303
229,304
229,305
229,306
229,307
229,308
229,309
229,311
229,312
229,313
229,314
229,315
229,316
229,317
229,318
229,319
229,320
229,321
229,323
229,324
229,325
229,326
229,327
229,328
229,329
229,330
229,331
229,332
229,333
229,334
229,336
229,337
229,338
229,339
229,340
229,341
229,342
229,343
229,344
230,240
230,241
230,242
230,243
230,244
230,245
230,246
230,247
230,248
230,249
230,255
230,256
230,257
230,258
230,259
230,261
230,262
230,263
230,264
230,265
230,267
230,268
230,269
230,270
230,271
230,272
230,274
230,275
230,276
230,277
230,278
230,279
230,280
230,282
230,283
230,284
230,285
230,286
230,287
230,288
230,289
230,291
230,292
230,293
230,294
230,295
230,296
230,297
230,298
230,299
230,301
230,302
230,303
230,304
230,305
230,306
230,307
230,308
230,309
230,310
230,312
230,313
230,314
230,315
230,316
230,317
230,318
230,319
230,320
230,321
230,322
230,324
230,325
230,326
230,327
230,328
230,329
230,330
230,331
230,332
230,333
230,334
230,335
230,337
230,338
230,339
230,340
230,341
230,342
230,343
230,344
231,240
231,241
231,242
231,243
231,244
231,245
231,246
231,247
231,248
231,249
231,250
231,251
231,252
231,253
231,254
231,261
231,262
231,263
231,264
231,265
231,266
231,268
231,269
231,270
231,271
231,272
231,273
231,275
231,276
231,277
231,278
231,279
231,280
231,281
231,283
231,284
231,285
231,286
231,287
231,288
231,289
231,290
231,292
231,293
231,294
231,295
231,296
231,297
231,298
231,299
231,300
231,302
231,303
231,304
231,305
231,306
231,307
231,308
231,309
231,310
231,311
231,313
231,314
231,315
231,316
231,317
231,318
231,319
231,320
231,321
231,322
231,323
231,325
231,326
231,327
231,328
231,329
231,330
231,331
231,332
231,333
231,334
231,335
231,336
231,338
231,339
231,340
231,341
231,342
231,343
231,344
232,240
232,241
232,242
232,243
232,244
232,245
232,246
232,247
232,248
232,249
232,250
232,251
232,252
232,253
232,254
232,255
232,256
232,257
232,258
232,259
232,260
232,268
232,269
232,270
232,271
232,272
232,273
232,274
232,276
232,277
232,278
232,279
232,280
232,281
232,282
232,284
232,285
232,286
232,287
232,288
232,289
232,290
232,291
232,293
232,294
232,295
232,296
232,297
232,298
232,299
232,300
232,301
232,303
232,304
232,305
232,306
232,307
232,308
232,309
232,310
232,311
232,312
232,314
232,315
232,316
232,317
232,318
232,319
232,320
232,321
232,322
232,323
232,324
232,326
232,327
232,328
232,329
232,330
232,331
232,332
232,333
232,334
232,335
232,336
232,337
232,339
232,340
232,341
232,342
232,343
232,344
233,240
233,241
233,242
233,243
233,244
233,245
233,246
233,247
233,248
233,249
233,250
233,251
233,252
233,253
233,254
233,255
233,256
233,257
233,258
233,259
233,260
233,261
233,262
233,263
233,264
233,265
233,266
233,267
233,276
233,277
233,278
233,279
233,280
233,281
233,282
233,283
233,285
233,286
233,287
233,288
233,289
233,290
233,291
233,292
233,294
233,295
233,296
233,297
233,298
233,299
233,300
233,301
233,302
233,304
233,305
233,306
233,307
233,308
233,309
233,310
233,311
233,312
233,313
233,315
233,316
233,317
233,318
233,319
233,320
233,321
233,322
233,323
233,324
233,325
233,327
233,328
233,329
233,330
233,331
233,332
233,333
233,334
233,335
233,336
233,337
233,338
233,340
233,341
233,342
233,343
233,344
234,240
234,241
234,242
234,243
234,244
234,245
234,246
234,247
234,248
234,249
234,250
234,251
234,252
234,253
234,254
234,255
234,256
234,257
234,258
234,259
234,260
234,261
234,262
234,263
234,264
234,265
234,266
234,267
234,268
234,269
234,270
234,271
234,272
234,273
234,274
234,275
234,285
234,286
234,287
234,288
234,289
234,290
234,291
234,292
234,293
234,295
234,296
234,297
234,298
234,299
234,300
234,301
234,302
234,303
234,305
234,306
234,307
234,308
234,309
234,310
234,311
234,312
234,313
234,314
234,316
234,317
234,318
234,319
234,320
234,321
234,322
234,323
234,324
234,325
234,326
234,328
234,329
234,330
234,331
234,332
234,333
234,334
234,335
234,336
234,337
234,338
234,339
234,341
234,342
234,343
234,344
235,240
235,241
235,242
235,243
235,244
235,245
235,246
235,247
235,248
235,249
235,250
235,251
235,252
235,253
235,254
235,255
235,256
235,257
235,258
235,259
235,260
235,261
235,262
235,263
235,264
235,265
235,266
235,267
235,268
235,269
235,270
235,271
235,272
235,273
235,274
235,275
235,276
235,277
235,278
235,279
235,280
235,281
235,282
235,283
235,284
235,295
235,296
235,297
235,298
235,299
235,300
235,301
235,302
235,303
235,304
235,306
235,307
235,308
235,309
235,310
235,311
235,312
235,313
235,314
235,315
235,317
235,318
235,319
235,320
235,321
235,322
235,323
235,324
235,325
235,326
235,327
235,329
235,330
235,331
235,332
235,333
235,334
235,335
235,336
235,337
235,338
235,339
235,340
235,342
235,343
235,344
236,240
236,241
236,242
236,243
236,244
236,245
236,246
236,247
236,248
236,249
236,250
236,251
236,252
236,253
236,254
236,255
236,256
236,257
236,258
236,259
236,260
236,261
236,262
236,263
236,264
236,265
236,266
236,267
236,268
236,269
236,270
236,271
236,272
236,273
236,274
236,275
236,276
236,277
236,278
236,279
236,280
236,281
236,282
236,283
236,284
236,285
236,286
236,287
236,288
236,289
236,290
236,291
236,292
236,293
236,294
236,306
236,307
236,308
236,309
236,310
236,311
236,312
236,313
236,314
236,315
236,316
236,318
236,319
236,320
236,321
236,322
236,323
236,324
236,325
236,326
236,327
236,328
236,330
236,331
236,332
236,333
236,334
236,335
236,336
236,337
236,338
236,339
236,340
236,341
236,343
236,344
237,240
237,241
237,242
237,243
237,244
237,245
237,246
237,247
237,248
237,249
237,250
237,251
237,252
237,253
237,254
237,255
237,256
237,257
237,258
237,259
237,260
237,261
237,262
237,263
237,264
237,265
237,266
237,267
237,268
237,269
237,270
237,271
237,272
237,273
237,274
237,275
237,276
237,277
237,278
237,279
237,280
237,281
237,282
237,283
237,284
237,285
237,286
237,287
237,288
237,289
237,290
237,291
237,292
237,293
237,294
237,295
237,296
237,297
237,298
237,299
237,300
237,301
237,302
237,303
237,304
237,305
237,318
237,319
237,320
237,321
237,322
237,323
237,324
237,325
237,326
237,327
237,328
237,329
237,331
237,332
237,333
237,334
237,335
237,336
237,337
237,338
237,339
237,340
237,341
237,342
237,344
238,240
238,241
238,242
238,243
238,244
238,245
238,246
238,247
238,248
238,249
238,250
238,251
238,252
238,253
238,254
238,255
238,256
238,257
238,258
238,259
238,260
238,261
238,262
238,263
238,264
238,265
238,266
238,267
238,268
238,269
238,270
238,271
238,272
238,273
238,274
238,275
238,276
238,277
238,278
238,279
238,280
238,281
238,282
238,283
238,284
238,285
238,286
238,287
238,288
238,289
238,290
238,291
238,292
238,293
238,294
238,295
238,296
238,297
238,298
238,299
238,300
238,301
238,302
238,303
238,304
238,305
238,306
238,307
238,308
238,309
238,310
238,311
238,312
238,313
238,314
238,315
238,316
238,317
238,331
238,332
238,333
238,334
238,335
238,336
238,337
238,338
238,339
238,340
238,341
238,342
238,343
239,240
239,241
239,242
239,243
239,244
239,245
239,246
239,247
239,248
239,249
239,250
239,251
239,252
239,253
239,254
239,255
239,256
239,257
239,258
239,259
239,260
239,261
239,262
239,263
239,264
239,265
239,266
239,267
239,268
239,269
239,270
239,271
239,272
239,273
239,274
239,275
239,276
239,277
239,278
239,279
239,280
239,281
239,282
239,283
239,284
239,285
239,286
239,287
239,288
239,289
239,290
239,291
239,292
239,293
239,294
239,295
239,296
239,297
239,298
239,299
239,300
239,301
239,302
239,303
239,304
239,305
239,306
239,307
239,308
239,309
239,310
239,311
239,312
239,313
239,314
239,315
239,316
239,317
239,318
239,319
239,320
239,321
239,322
239,323
239,324
239,325
239,326
239,327
239,328
239,329
239,330
